"","Gene","Rep2","FPKM.cellexpress","LOG.FPKM.0.01.","Curve"
"6","FBgn0014020",-31.283,416.4145,"2.61953627295616",1
"11","FBgn0003360",-31.051,588.533,"2.76977819866714",1
"9","FBgn0250837",-26.713,273.453,"2.43689857387656",1
"4","FBgn0262736",-26.369,968,"2.98587984379846",1
"3","FBgn0037207",-24.138,72.2624,"1.85897247687727",1
"8","FBgn0027054",-24.076,40.80255,"1.61079373067944",1
"5","FBgn0010408",-23.974,4613.6,"3.66404087973718",1
"10","FBgn0003559",-23.903,32.74355,"1.51525837797228",1
"25","FBgn0020910",-23.703,2586.64,"3.41273766824032",1
"15","FBgn0002626",-22.527,5077.9,"3.70568499924551",1
"2","FBgn0023170",-21.081,3261.38,"3.5134027352428",1
"17","FBgn0035422",-21.016,2414.55,"3.38283800176169",1
"35","FBgn0039635",-20.932,130.752,"2.11648155447732",1
"32","FBgn0250732",-20.381,22.2239,"1.34701564803063",1
"1","FBgn0004587",-19.805,212.4815,"2.32734156225961",1
"26","FBgn0261270",-19.599,131.579,"2.11921958655021",1
"20","FBgn0010078",-19.131,5594.6,"3.74776981727163",1
"13","FBgn0259785",-18.817,50.1315,"1.70019732188344",1
"95","FBgn0004638",-18.291,36.00555,"1.5564900513532",1
"52","FBgn0003887",-18.286,1612.7885,"3.20758011084552",1
"91","FBgn0001218",-18.189,555.432,"2.74463871603108",1
"36","FBgn0031145",-17.851,87.27835,"1.94095628415991",1
"18","FBgn0261599",-17.67,532.5,"2.72632776779911",1
"21","FBgn0052423",-17.567,68.99565,"1.8388846510759",1
"82","FBgn0029868",-17.474,100.49785,"2.00219998293605",1
"7","FBgn0036734",-17.276,42.99435,"1.63351238779924",1
"34","FBgn0087035",-17.228,145.397,"2.16258531428228",1
"60","FBgn0250903",-17.197,35.8927,"1.5551271101663",1
"155","FBgn0003279",-17.141,3679.335,"3.56577051209626",1
"38","FBgn0034299",-17.127,25.693,"1.40998381622654",1
"46","FBgn0013750",-17.099,126.55975,"2.10232992228589",1
"19","FBgn0000541",-16.916,16.6091,"1.22060750105958",1
"87","FBgn0001233",-16.746,1126.795,"3.05184876542377",1
"83","FBgn0027091",-16.579,53.4551,"1.7280703834556",1
"14","FBgn0038893",-16.354,37.8876,"1.57861170759974",1
"69","FBgn0032482",-16.19,126.08,"2.1006806447251",1
"73","FBgn0032195",-16.125,11.346455,"1.05524278434965",1
"30","FBgn0023167",-15.997,110.2161,"2.04228444155639",1
"88","FBgn0028697",-15.812,1529.313,"3.18449922007748",1
"140","FBgn0000259",-15.763,61.8714,"1.79156013058319",1
"22","FBgn0042092",-15.686,15.9426,"1.2028314757086",1
"99","FBgn0040007",-15.636,1239.505,"3.09325178675355",1
"47","FBgn0003517",-15.62,5880.07,"3.7693832348044",1
"37","FBgn0262817",-15.516,17.5,"1.24328614608345",1
"96","FBgn0004656",-15.472,48.5319,"1.68611677124121",1
"62","FBgn0011638",-15.391,253.59,"2.40414924920969",1
"112","FBgn0039869",-15.24,248.291,"2.39497846862266",1
"65","FBgn0034743",-15.18,3347.51,"3.52472318041554",1
"27","FBgn0033889",-15.151,53.2782,"1.72663105063554",1
"100","FBgn0011704",-15.058,112.09455,"2.04962323971175",1
"49","FBgn0036335",-14.913,21.93405,"1.34131678414712",1
"44","FBgn0040020",-14.858,9.919335,"0.99692016334922",1
"40","FBgn0040907",-14.798,24.1678,"1.38341678075436",1
"71","FBgn0011207",-14.759,30.294,"1.48149995732318",1
"78","FBgn0029714",-14.757,24.94835,"1.39721587069062",1
"57","FBgn0250843",-14.588,225.7035,"2.35355753515295",1
"45","FBgn0029629",-14.534,430.1155,"2.63359519047552",1
"64","FBgn0028662",-14.516,152.5045,"2.18331113529348",1
"138","FBgn0005278",-14.4,100.78125,"2.00342283129939",1
"105","FBgn0039120",-14.357,38.9398,"1.59050523199268",1
"182","FBgn0030670",-14.34,28.3034,"1.45199202452499",1
"179","FBgn0264357",-14.334,13.5,"1.13065534902203",1
"150","FBgn0001297",-14.287,141.5635,"2.15098196888466",1
"175","FBgn0015024",-14.219,65.62755,"1.81715236212301",1
"131","FBgn0000139",-14.053,32.5554,"1.51275641697121",1
"24","FBgn0039830",-14.049,614.084,"2.7882348541325",1
"90","FBgn0025832",-14.037,30.6883,"1.48711432593121",1
"113","FBgn0002781",-14.001,204.097,"2.30985789942083",1
"76","FBgn0034138",-13.814,2867.54,"3.45751099920967",1
"168","FBgn0261592",-13.813,946.5,"2.97612520670116",1
"107","FBgn0260439",-13.767,199.948,"2.30093878424525",1
"290","FBgn0010421",-13.732,15.5629,"1.19236949482386",1
"55","FBgn0035608",-13.686,83.4192885,"1.92131853985805",1
"159","FBgn0024998",-13.656,14.93325,"1.17444506224287",1
"12","FBgn0267378",-13.649,119.5,"2.0774042463981",1
"124","FBgn0025637",-13.585,132.48475,"2.12219867003734",1
"154","FBgn0032915",-13.583,30.0503,"1.47799331050553",1
"249","FBgn0032006",-13.464,166.6665,"2.22187437223493",1
"161","FBgn0004107",-13.457,12.3712,"1.09276273903968",1
"48","FBgn0052000",-13.431,19.6173,"1.29286056064175",1
"72","FBgn0263979",-13.375,96.5,"1.98457231562163",1
"43","FBgn0033548",-13.319,48.16305,"1.68280414384893",1
"190","FBgn0004363",-13.258,492.9145,"2.69278040458275",1
"374","FBgn0023508",-13.213,30.49975,"1.48443864900375",1
"28","FBgn0003321",-13.187,18.77985,"1.27392331312701",1
"97","FBgn0005593",-13.169,4055.26,"3.60801977484963",1
"41","FBgn0025615",-13.166,63.1507,"1.80044693457965",1
"337","FBgn0003189",-13.155,55.0159,"1.74056715457545",1
"163","FBgn0030676",-13.144,7.222605,"0.859294747275373",1
"263","FBgn0002607",-13.093,5062.985,"3.70440749849617",1
"92","FBgn0037025",-13.087,5.640555,"0.75209110650968",1
"271","FBgn0015582",-13.082,20.1692,"1.30490394473179",1
"66","FBgn0022942",-13.063,34.24735,"1.5347537647915",1
"197","FBgn0032354",-13.057,9.38546,"0.972918047935332",1
"39","FBgn0003392",-13.02,40.8166,"1.61094321380197",1
"74","FBgn0003507",-13.015,62.67235,"1.79714527007002",1
"214","FBgn0003942",-12.987,2735.47,"3.43703354385434",1
"251","FBgn0086443",-12.957,217.517,"2.33751317036309",1
"42","FBgn0034246",-12.838,24.3531,"1.38673254780471",1
"50","FBgn0052133",-12.781,8.936785,"0.951667000947243",1
"192","FBgn0020386",-12.751,24.15105,"1.38311580409219",1
"227","FBgn0003371",-12.641,52.1012,"1.71693107407595",1
"116","FBgn0086134",-12.619,202.127,"2.30564581586603",1
"120","FBgn0035147",-12.608,602.722,"2.78012424946442",1
"191","FBgn0003941",-12.596,2188.705,"3.34018921429269",1
"58","FBgn0003118",-12.543,105.3895,"2.02283855065114",1
"89","FBgn0000239",-12.524,45.49875,"1.65809490679715",1
"7794","FBgn0033246",-12.515,52.8244,"1.72291677983608",1
"299","FBgn0002590",-12.505,3553.785,"3.55069237199585",1
"118","FBgn0010217",-12.502,528.426,"2.72299239650642",1
"281","FBgn0038834",-12.484,3103.245,"3.49181746380289",1
"235","FBgn0040319",-12.427,67.603,"1.83003020608167",1
"147","FBgn0035854",-12.42,18.5177,"1.26782151002017",1
"61","FBgn0261976",-12.389,8,"0.903632516084238",1
"16","FBgn0266599",-12.341,2648.5,"3.4230016170438",1
"109","FBgn0031660",-12.338,105.33,"2.02259331402146",1
"75","FBgn0039969",-12.321,66.5789,"1.82340184072411",1
"111","FBgn0011284",-12.283,3262.965,"3.51361374635801",1
"228","FBgn0000253",-12.275,345.917,"2.53898446052083",1
"117","FBgn0263993",-12.194,30,"1.47726599542485",1
"151","FBgn0020497",-12.191,58.1932,"1.76494686272785",1
"81","FBgn0010411",-12.133,4427.505,"3.64616004121303",1
"401","FBgn0035770",-12.095,76.8907,"1.8859302930492",1
"23","FBgn0035423",-12.088,369.13,"2.56719110788338",1
"149","FBgn0038872",-12.037,22.01195,"1.34285577225354",1
"94","FBgn0022288",-12.03,59.3034,"1.77315281964818",1
"202","FBgn0028336",-12.014,123.09965,"2.09029209661525",1
"103","FBgn0024188",-11.983,42.5244,"1.62874031092658",1
"63","FBgn0250753",-11.974,216.097,"2.33466883450072",1
"145","FBgn0016120",-11.928,312.354,"2.49466097558215",1
"288","FBgn0033673",-11.923,10.04908,"1.00255826211214",1
"125","FBgn0000556",-11.892,6273.605,"3.7975178633407",1
"33","FBgn0265297",-11.87,868.5,"2.9387748232665",1
"123","FBgn0036135",-11.848,67.90065,"1.83193788729287",1
"300","FBgn0020255",-11.824,390.7215,"2.59187842459752",1
"130","FBgn0024698",-11.82,19.53875,"1.29111899265474",1
"86","FBgn0000409",-11.813,335.5745,"2.52580189339645",1
"133","FBgn0261268",-11.752,30.9017,"1.49012288990049",1
"193","FBgn0015296",-11.747,53.2184,"1.72614341184973",1
"146","FBgn0260460",-11.734,39.81275,"1.60013124736862",1
"122","FBgn0022893",-11.693,626.8735,"2.79718683906331",1
"165","FBgn0037573",-11.668,92.21215,"1.96483524282648",1
"420","FBgn0034310",-11.668,34.0855,"1.53269706362209",1
"323","FBgn0265998",-11.663,8,"0.903632516084238",1
"169","FBgn0030733",-11.635,197.5445,"2.29568692671759",1
"144","FBgn0032223",-11.628,7.60643,"0.881751454987178",1
"29","FBgn0020496",-11.605,181.7807,"2.2595716619333",1
"205","FBgn0264785",-11.594,32.5,"1.51201696949613",1
"542","FBgn0037341",-11.522,14.13895,"1.15072421186555",1
"164","FBgn0261112",-11.502,25.2202,"1.4019206931871",1
"134","FBgn0004106",-11.473,34.8591,"1.54244073802473",1
"106","FBgn0262954",-11.452,120,"2.07921743574657",1
"177","FBgn0039348",-11.446,44.1483,"1.64501234563531",1
"181","FBgn0034237",-11.43,257.8135,"2.41132249973262",1
"102","FBgn0026090",-11.391,53.39675,"1.72759615033365",1
"67","FBgn0013749",-11.259,62.9602,"1.79913507266936",1
"256","FBgn0026873",-11.199,37.0829,"1.56929078870103",1
"70","FBgn0266580",-11.193,55,"1.74044164494977",1
"162","FBgn0001986",-11.172,33.484,"1.52496701598396",1
"440","FBgn0025825",-11.109,36.17685,"1.55855078020247",1
"339","FBgn0036569",-11.076,4.539305,"0.657945054301183",1
"194","FBgn0086472",-11.07,3376.52,"3.52847061271948",1
"184","FBgn0037270",-11.064,518.0605,"2.71438886336998",1
"93","FBgn0026250",-11.041,240.364,"2.38088749050546",1
"328","FBgn0267350",-11.021,19,"1.27898211686544",1
"127","FBgn0032863",-11.005,24.29805,"1.38575012099031",1
"515","FBgn0027094",-10.949,201.177,"2.30359991470065",1
"294","FBgn0029823",-10.942,174.0455,"2.24068775115901",1
"481","FBgn0004901",-10.894,43.5418,"1.6390061091465",1
"250","FBgn0010278",-10.845,156.1085,"2.19345436989045",1
"266","FBgn0028331",-10.819,126.3935,"2.10175909933911",1
"389","FBgn0016131",-10.787,26.56035,"1.42439727522577",1
"297","FBgn0260771",-10.764,8.008805,"0.904109652501805",1
"487","FBgn0029785",-10.762,2450.3,"3.38922103243499",1
"31","FBgn0262115",-10.747,22.5,"1.35237549500052",1
"186","FBgn0020510",-10.738,38.28755,"1.58317099184032",1
"302","FBgn0035762",-10.73,13.42055,"1.12809379800558",1
"204","FBgn0033060",-10.711,8.86482,"0.948159553411696",1
"342","FBgn0036696",-10.703,33.84905,"1.52967476873022",1
"77","FBgn0031980",-10.668,3374.675,"3.52823324112369",1
"390","FBgn0030858",-10.618,26.02555,"1.41556675656297",1
"245","FBgn0039691",-10.609,78.78565,"1.89650224244968",1
"148","FBgn0036300",-10.591,36.2562,"1.55950205225843",1
"136","FBgn0037657",-10.59,32.7194,"1.51493804383298",1
"119","FBgn0004915",-10.534,32.53985,"1.51254899154254",1
"51","FBgn0033844",-10.51,119.809,"2.0785256906817",1
"321","FBgn0032919",-10.503,69.4149,"1.84151526286263",1
"241","FBgn0003346",-10.492,56.9318,"1.75543119160812",1
"54","FBgn0086687",-10.488,335.687,"2.5259474601361",1
"132","FBgn0039909",-10.444,98.8269,"1.99491911538234",1
"358","FBgn0264816",-10.439,12,"1.07954300740291",1
"115","FBgn0030571",-10.437,18.30885,"1.26289820654087",1
"379","FBgn0037220",-10.431,65.53735,"1.81655513838093",1
"391","FBgn0019936",-10.419,1752.45,"3.24364811395537",1
"128","FBgn0011672",-10.382,27.9135,"1.44596985289885",1
"265","FBgn0036239",-10.362,64.25385,"1.80796674025797",1
"424","FBgn0022936",-10.358,19.23935,"1.28441606910793",1
"126","FBgn0263740",-10.354,186,"2.26953629275597",1
"247","FBgn0262734",-10.339,214,"2.33043406700971",1
"187","FBgn0032988",-10.297,34.5407,"1.53845685064098",1
"273","FBgn0030969",-10.278,25.7887,"1.4115978223566",1
"203","FBgn0029665",-10.272,23.05895,"1.36302782774244",1
"291","FBgn0031832",-10.253,16.8131,"1.22590602647042",1
"98","FBgn0052344",-10.243,29.9393,"1.47638667615137",1
"596","FBgn0010412",-10.223,5809.33,"3.76412679493083",1
"206","FBgn0021761",-10.219,27.93915,"1.44636860449711",1
"475","FBgn0029529",-10.218,24.9499,"1.39724284104503",1
"207","FBgn0030086",-10.181,407.961,"2.61062929302224",1
"153","FBgn0013347",-10.104,80.50095,"1.90585495118987",1
"575","FBgn0262559",-10.088,86,"1.93454894766615",1
"348","FBgn0260858",-10.073,28.08495,"1.44862826352672",1
"59","FBgn0016041",-10.029,54.9753,"1.74024659890901",1
"274","FBgn0261602",-10.029,1460.5,"3.16450453490077",1
"79","FBgn0027786",-10.02,65.12455,"1.81381141704822",1
"610","FBgn0003462",-10.019,345.9965,"2.53908425742751",1
"84","FBgn0260936",-9.9985,41.5215,"1.6183776168782",1
"318","FBgn0011836",-9.975,13.35795,"1.12606481250138",1
"178","FBgn0051710",-9.9648,5.870395,"0.769406499640532",1
"198","FBgn0259203",-9.9628,18.16095,"1.25937763336046",1
"170","FBgn0029980",-9.9614,29.16895,"1.46506965981889",1
"419","FBgn0033900",-9.9579,6.46802,"0.811442284500992",1
"248","FBgn0032054",-9.9501,29.98365,"1.47702931932415",1
"572","FBgn0261606",-9.9433,1906,"3.28012517486129",1
"326","FBgn0016978",-9.9403,57.21175,"1.75756113560349",1
"436","FBgn0015019",-9.8871,370.1505,"2.5683900731222",1
"157","FBgn0066304",-9.8837,3.996555,"0.602771108897235",1
"104","FBgn0030049",-9.8806,30.5026,"1.48447921575591",1
"141","FBgn0026741",-9.8509,23.05015,"1.36286212793528",1
"224","FBgn0086710",-9.8471,2339.205,"3.36907014015992",1
"185","FBgn0033571",-9.8332,79.60055,"1.90097062431028",1
"634","FBgn0000382",-9.823,10.411405,"1.01792627391678",1
"269","FBgn0033608",-9.8009,75.54765,"1.87827844199856",1
"272","FBgn0033766",-9.7794,10.522035,"1.02251229368143",1
"217","FBgn0033086",-9.7764,13.318,"1.12476498406271",1
"355","FBgn0040931",-9.7564,92.6555,"1.96691807342771",1
"482","FBgn0021875",-9.7519,22.02095,"1.34303322483403",1
"470","FBgn0032393",-9.6713,123.7223,"2.09248308589151",1
"382","FBgn0004654",-9.6629,129.5895,"2.11260332601251",1
"368","FBgn0023527",-9.6567,33.02195,"1.51893421248167",1
"360","FBgn0035122",-9.6304,45.27345,"1.65593950693651",1
"200","FBgn0039300",-9.6182,1418.275,"3.15176350975432",1
"129","FBgn0264922",-9.6017,815.5,"2.91142929084311",1
"448","FBgn0262656",-9.6,57,"1.75595104100413",1
"545","FBgn0015278",-9.5949,13.27695,"1.1234253007179",1
"371","FBgn0039274",-9.5839,14.46615,"1.16065307456291",1
"216","FBgn0035853",-9.5648,62.1265,"1.79334678684146",1
"173","FBgn0032518",-9.5542,2975.07,"3.47349864841463",1
"176","FBgn0014869",-9.5474,93.04135,"1.96872267830824",1
"101","FBgn0004907",-9.5377,418.093,"2.62128328373977",1
"108","FBgn0263396",-9.5327,349.5,"2.54345960606937",1
"221","FBgn0010438",-9.4792,138.7055,"2.14212499163107",1
"211","FBgn0036581",-9.4722,21.848,"1.33961042162556",1
"325","FBgn0051184",-9.4551,59.4093,"1.7739275312117",1
"442","FBgn0010269",-9.3941,19.0343,"1.27976501418655",1
"632","FBgn0032859",-9.3503,108.40145,"2.03507515313605",1
"466","FBgn0000150",-9.3334,1903.875,"3.2796407122345",1
"529","FBgn0011703",-9.3204,81.0132,"1.90860939158637",1
"270","FBgn0025674",-9.3062,71.41945,"1.85387730611104",1
"255","FBgn0029971",-9.3053,135.2635,"2.1312127268934",1
"53","FBgn0261597",-9.2956,498,"2.69723806344489",1
"219","FBgn0011742",-9.2878,64.23575,"1.8078444034026",1
"316","FBgn0029718",-9.2746,48.95715,"1.68990482782274",1
"320","FBgn0036990",-9.2718,26.6685,"1.42616140770193",1
"199","FBgn0264492",-9.2392,219,"2.34046394518563",1
"110","FBgn0261885",-9.2242,34,"1.53160663193272",1
"742","FBgn0263237",-9.1937,18,"1.25551371281953",1
"156","FBgn0030081",-9.1812,14.03315,"1.14746453472942",1
"685","FBgn0027493",-9.1584,427.687,"2.6311362039907",1
"257","FBgn0000581",-9.133,18.74695,"1.27316222072439",1
"311","FBgn0038168",-9.1193,16.2789,"1.21189175711021",1
"343","FBgn0033019",-9.1063,5.157995,"0.713322084810274",1
"347","FBgn0035692",-9.0989,56.37855,"1.75119092709243",1
"308","FBgn0262116",-9.076,62.5,"1.7959494989028",1
"409","FBgn0030802",-9.0729,47.94615,"1.68084430993827",1
"471","FBgn0260970",-9.0682,19.3854,"1.28769874067758",1
"426","FBgn0264962",-9.0559,15.5,"1.1906117978136",1
"158","FBgn0033520",-9.0509,3.6992595,"0.569287217657468",1
"546","FBgn0036974",-9.0416,155.8715,"2.19279457622374",1
"259","FBgn0036804",-9.0391,22.9469,"1.36091324244589",1
"404","FBgn0004087",-9.0364,46.45745,"1.66714884030079",1
"287","FBgn0037667",-9.0355,7.96754,"0.901868990456989",1
"367","FBgn0035111",-9.0268,14.8574,"1.1722350260619",1
"218","FBgn0001995",-9.0233,51.3094,"1.71028157018511",1
"286","FBgn0004066",-9.0103,232.952,"2.36728508610665",1
"588","FBgn0028982",-8.9903,50.5124,"1.70348397296008",1
"237","FBgn0051957",-8.9675,8.630235,"0.936525554726036",1
"234","FBgn0030321",-8.9535,101.55695,"2.00675241102186",1
"143","FBgn0030678",-8.9384,19.16755,"1.28279312371869",1
"260","FBgn0025724",-8.9271,113.415,"2.05470878793805",1
"384","FBgn0023513",-8.9256,13.849035,"1.14173299154813",1
"137","FBgn0015949",-8.9123,40.5285,"1.60786767494961",1
"340","FBgn0037206",-8.8918,23.1433,"1.36461289901063",1
"166","FBgn0031493",-8.8839,36.554,"1.5630537002703",1
"407","FBgn0036815",-8.8821,39.50245,"1.59673395928135",1
"85","FBgn0031977",-8.8809,207.93,"2.31793803963606",1
"233","FBgn0032149",-8.8658,47.0772,"1.67290286626129",1
"212","FBgn0283468",-8.8632,30,"1.47726599542485",1
"601","FBgn0040899",-8.8434,44.6664,"1.65007817064043",1
"243","FBgn0015818",-8.8427,47.8685,"1.68014053580439",1
"472","FBgn0029176",-8.8424,1303.545,"3.11512935977945",1
"121","FBgn0034641",-8.8291,25.745,"1.4108615542166",1
"521","FBgn0003744",-8.8145,26.1616,"1.41783027403194",1
"450","FBgn0000559",-8.8115,2843.575,"3.45386621464524",1
"225","FBgn0035713",-8.8071,47.93505,"1.68074377587257",1
"388","FBgn0031052",-8.7912,19.7474,"1.29572979248103",1
"222","FBgn0038876",-8.788,24.5408,"1.39006564839075",1
"622","FBgn0038035",-8.7844,21.96265,"1.34188243793888",1
"608","FBgn0003204",-8.7813,45.27,"1.65590641818021",1
"370","FBgn0037351",-8.7561,6439.39,"3.808845403256",1
"561","FBgn0264291",-8.7427,16,"1.2043913319193",1
"411","FBgn0034243",-8.7413,41.1078,"1.61402986976591",1
"262","FBgn0034503",-8.727,26.1106,"1.4169831486251",1
"261","FBgn0033081",-8.6879,81.96845,"1.91369970267516",1
"331","FBgn0030354",-8.6792,28.66465,"1.45749812564928",1
"330","FBgn0024887",-8.6781,13.76205,"1.13899859075967",1
"189","FBgn0029504",-8.6705,8.260265,"0.917519425658209",1
"565","FBgn0039359",-8.6657,1683.625,"3.22624794543716",1
"220","FBgn0037621",-8.6644,41.0313,"1.61322110877736",1
"285","FBgn0037344",-8.6632,22.83845,"1.3588567436059",1
"278","FBgn0010280",-8.6573,40.65395,"1.60920956269068",1
"884","FBgn0035357",-8.6554,62.51055,"1.7960227898992",1
"152","FBgn0037121",-8.6515,44.1912,"1.64543405998945",1
"208","FBgn0032248",-8.651,19.1041,"1.28135385379446",1
"473","FBgn0267385",-8.6429,301.5,"2.47930172069772",1
"555","FBgn0261593",-8.6205,1084,"3.03503328859055",1
"114","FBgn0034921",-8.6182,35.4451,"1.54967871462628",1
"183","FBgn0000064",-8.6097,342.2715,"2.53438342655523",1
"363","FBgn0027948",-8.6054,38.9047,"1.59011368674813",1
"376","FBgn0034350",-8.5904,24.1253,"1.38265270143666",1
"327","FBgn0033378",-8.5865,113.5985,"2.05541082578518",1
"142","FBgn0032517",-8.5836,7.899505,"0.898149304926841",1
"429","FBgn0026409",-8.5774,438.2155,"2.6416976452171",1
"586","FBgn0011272",-8.577,3370.485,"3.52769368721609",1
"462","FBgn0033715",-8.5768,22.1258,"1.3450952222402",1
"338","FBgn0032818",-8.5571,22.76665,"1.35748984821096",1
"167","FBgn0029161",-8.5359,99.9385,"1.99977628072916",1
"749","FBgn0033480",-8.5349,39.92645,"1.60136945728149",1
"279","FBgn0033185",-8.5279,9.629985,"0.984076358132883",1
"464","FBgn0026089",-8.5173,75.47295,"1.87784886477967",1
"501","FBgn0002921",-8.5069,161.3245,"2.20772724747266",1
"559","FBgn0039566",-8.5004,26.1017,"1.41683514744858",1
"312","FBgn0038609",-8.4996,38.7004,"1.58782765896802",1
"760","FBgn0261535",-8.4962,8.5,"0.929929560084588",1
"579","FBgn0037051",-8.4782,118.038,"2.07205863354671",1
"296","FBgn0010315",-8.4627,18.46605,"1.26660912886649",1
"349","FBgn0259199",-8.4276,6.29177,"0.799462548385164",1
"571","FBgn0020887",-8.4274,23.80545,"1.37685879204834",1
"301","FBgn0010607",-8.4272,12.5609,"1.09936637164313",1
"669","FBgn0031309",-8.4258,26.06665,"1.41625179795087",1
"621","FBgn0031969",-8.4137,76.20365,"1.88203276121858",1
"292","FBgn0030306",-8.4111,95.51215,"1.98010408893843",1
"425","FBgn0010220",-8.3976,24.017,"1.38069954838272",1
"517","FBgn0261791",-8.3868,178,"2.25044440018997",1
"497","FBgn0030851",-8.3722,11.14312,"1.04739637493939",1
"201","FBgn0035271",-8.3573,33.2532,"1.52196402706906",1
"662","FBgn0030683",-8.3388,11.50818,"1.06138386117044",1
"361","FBgn0029833",-8.3277,45.70235,"1.66003354825933",1
"639","FBgn0010551",-8.3154,263.0225,"2.42000941274313",1
"244","FBgn0052438",-8.2966,12.3268,"1.09120252415697",1
"172","FBgn0010382",-8.2693,14.49085,"1.16139346013084",1
"711","FBgn0016687",-8.254,220.541,"2.34350903125293",1
"135","FBgn0001078",-8.2525,15.1067,"1.17945699432585",1
"541","FBgn0261882",-8.2306,6.5,"0.813580988568192",1
"445","FBgn0052103",-8.2238,41.8679,"1.62198489551687",1
"359","FBgn0262647",-8.2154,21,"1.32242605240595",1
"213","FBgn0040066",-8.1983,51.5841,"1.71260004108565",1
"223","FBgn0039233",-8.1725,43.2266,"1.63585153497381",1
"400","FBgn0038224",-8.1648,167.966,"2.22524723522502",1
"378","FBgn0037926",-8.1628,36.7385,"1.56523961675306",1
"68","FBgn0026418",-8.1602,195.5605,"2.29130334608844",1
"397","FBgn0022724",-8.1399,12.62915,"1.10171786803479",1
"305","FBgn0004378",-8.139,33.4813,"1.52493200546369",1
"537","FBgn0033929",-8.1311,70.00865,"1.84521373306137",1
"743","FBgn0026666",-8.1302,19.8422,"1.29780864182545",1
"386","FBgn0032030",-8.1216,45.25785,"1.65578986813542",1
"509","FBgn0025381",-8.115,232.0675,"2.36563303748518",1
"1269","FBgn0020412",-8.1093,13.0846,"1.11709223659508",1
"681","FBgn0035064",-8.1074,16.7668,"1.22470912723922",1
"516","FBgn0033208",-8.1018,35.6166,"1.55177437773425",1
"544","FBgn0025635",-8.0995,7.440365,"0.872177549741967",1
"293","FBgn0001404",-8.0938,26.9814,"1.43122541128887",1
"387","FBgn0029897",-8.0883,3822.58,"3.58235771934093",1
"531","FBgn0030366",-8.0853,35.18525,"1.54648405444436",1
"562","FBgn0000054",-8.0827,27.8865,"1.4455497184694",1
"467","FBgn0023177",-8.0813,70.96905,"1.85113018235281",1
"373","FBgn0010812",-8.0782,20.89275,"1.32020342636269",1
"564","FBgn0005671",-8.0606,157.6945,"2.19784408582913",1
"319","FBgn0038235",-8.0346,6.059365,"0.783143255915138",1
"640","FBgn0038058",-8.0276,7.85044,"0.895446857009341",1
"317","FBgn0041781",-8.0255,49.7612,"1.69697811185304",1
"438","FBgn0283469",-8.0177,122.221,"2.087181364839",1
"366","FBgn0027090",-8.0176,69.10405,"1.83956634284766",1
"446","FBgn0036316",-8.0175,40.49701,"1.60753018718692",1
"576","FBgn0086758",-7.9958,32.32495,"1.50967219372783",1
"745","FBgn0036488",-7.9878,66.0954,"1.82023693746466",1
"396","FBgn0039159",-7.983,20.28875,"1.30746929481878",1
"239","FBgn0028968",-7.9775,87.7314,"1.94320455971816",1
"584","FBgn0083983",-7.9744,33.08455,"1.51975648018641",1
"599","FBgn0037244",-7.9733,24.34065,"1.38651055847244",1
"725","FBgn0003079",-7.9576,11.7815,"1.0715690553314",1
"597","FBgn0037093",-7.9565,22.2117,"1.34677728018441",1
"417","FBgn0036038",-7.9296,15.1255,"1.17999677241213",1
"627","FBgn0015805",-7.914,75.8864,"1.88022117645919",1
"242","FBgn0033038",-7.8942,23.96035,"1.37967437537529",1
"1114","FBgn0032846",-7.8925,11.91565,"1.07648205930293",1
"313","FBgn0033842",-7.8813,21.56005,"1.33385115181089",1
"416","FBgn0036958",-7.8807,25.5489,"1.40754215878957",1
"418","FBgn0263042",-7.8487,4.5,"0.65417654187796",1
"504","FBgn0031604",-7.7975,44.5146,"1.64860002653903",1
"357","FBgn0261790",-7.7876,92,"1.96383503070215",1
"432","FBgn0052350",-7.7787,4.527925,"0.656857313859339",1
"408","FBgn0015509",-7.7765,60.6318,"1.78277208375964",1
"307","FBgn0023083",-7.768,20.27845,"1.30724886900672",1
"275","FBgn0040005",-7.763,17.6156,"1.24614390990479",1
"188","FBgn0023510",-7.7611,15.0618,"1.17816512247954",1
"676","FBgn0263102",-7.759,41.5,"1.61815273337852",1
"231","FBgn0001086",-7.7547,48.78955,"1.68841581721956",1
"738","FBgn0026575",-7.7479,36.50715,"1.56249687544572",1
"422","FBgn0001612",-7.7338,13.738,"1.13823952346519",1
"489","FBgn0266916",-7.7306,12,"1.07954300740291",1
"911","FBgn0025457",-7.7257,87.3514,"1.94131958515236",1
"215","FBgn0028343",-7.7054,37.2911,"1.57172163923191",1
"171","FBgn0024733",-7.6821,2187.385,"3.3399272150589",1
"567","FBgn0032922",-7.6553,10.8215,"1.03468860405037",1
"802","FBgn0037391",-7.6396,68.86545,"1.83806444934628",1
"644","FBgn0034893",-7.638,22.5731,"1.35378355762814",1
"570","FBgn0023175",-7.6378,148.1985,"2.17087311185679",1
"180","FBgn0014010",-7.6276,103.48195,"2.01490657001956",1
"284","FBgn0014366",-7.6144,34.75495,"1.54114160910666",1
"336","FBgn0266421",-7.6092,29,"1.46254772880266",1
"486","FBgn0036973",-7.5959,11.2747,"1.05249001799274",1
"443","FBgn0028426",-7.5924,16.0894,"1.20680969084274",1
"209","FBgn0036398",-7.5913,10.35527,"1.01558061930811",1
"827","FBgn0270926",-7.5713,22.5,"1.35237549500052",1
"385","FBgn0260789",-7.5659,7.627675,"0.882961174237665",1
"734","FBgn0015756",-7.5587,2727.37,"3.43574565147512",1
"703","FBgn0037328",-7.5518,2201.56,"3.34273249862154",1
"859","FBgn0086899",-7.5444,30.24895,"1.48085385372293",1
"392","FBgn0040075",-7.5434,67.85715,"1.83165961189573",1
"303","FBgn0259176",-7.5354,90.8183,"1.95822118573381",1
"315","FBgn0004419",-7.5331,56.54555,"1.75247523023589",1
"139","FBgn0028665",-7.5226,98.63995,"1.99409686946931",1
"414","FBgn0038678",-7.5165,28.42005,"1.4537776234859",1
"1041","FBgn0030478",-7.5054,68.2878,"1.83440671446853",1
"246","FBgn0033485",-7.5048,67.22575,"1.82760025369839",1
"395","FBgn0004401",-7.5045,204.933,"2.31163308921368",1
"1023","FBgn0015393",-7.5033,272.9555,"2.43610776020397",1
"252","FBgn0020620",-7.5024,49.7402,"1.6967948309857",1
"645","FBgn0033195",-7.4953,2.892855,"0.462825343006107",1
"806","FBgn0027081",-7.4808,258.841,"2.41304984709899",1
"573","FBgn0028974",-7.4721,9.492535,"0.977839477883547",1
"780","FBgn0035529",-7.4587,27.11215,"1.43332411351826",1
"1123","FBgn0039182",-7.4407,20.4636,"1.31119421406799",1
"322","FBgn0025582",-7.4344,260.792,"2.41631091752627",1
"580","FBgn0014026",-7.4301,3545.16,"3.54963706555342",1
"369","FBgn0027951",-7.4087,31.1843,"1.49407524450883",1
"196","FBgn0261283",-7.4078,301.4715,"2.47926066740678",1
"686","FBgn0030093",-7.3939,63.69205,"1.80415340862047",1
"334","FBgn0010770",-7.3901,29.6577,"1.47228387877297",1
"282","FBgn0004889",-7.3868,32.70045,"1.51468651878633",1
"346","FBgn0029158",-7.3853,16.24325,"1.21094021552654",1
"352","FBgn0028474",-7.374,29.1379,"1.46460727088697",1
"354","FBgn0010417",-7.3726,19.45085,"1.28916180521536",1
"398","FBgn0010741",-7.3718,115.3555,"2.06207595266931",1
"2650","FBgn0019990",-7.3496,19.3468,"1.28683356282726",1
"822","FBgn0266172",-7.3485,8,"0.903632516084238",1
"463","FBgn0030761",-7.3477,15.2862,"1.18458355343154",1
"581","FBgn0029861",-7.3443,15.98875,"1.2040860520741",1
"1545","FBgn0036556",-7.3417,10.51547,"1.02224149774753",1
"1095","FBgn0032346",-7.3331,18.0529,"1.2567874775882",1
"375","FBgn0033636",-7.3249,37.11455,"1.56966119811783",1
"737","FBgn0029121",-7.3239,13.0393,"1.11558721556004",1
"747","FBgn0261241",-7.3202,23.59895,"1.37307667240925",1
"341","FBgn0011766",-7.3137,64.2489,"1.80793328691704",1
"324","FBgn0015795",-7.303,66.49235,"1.82283699228055",1
"431","FBgn0259982",-7.2969,11.974095,"1.07860524309673",1
"752","FBgn0002431",-7.2945,23.8217,"1.37715502322291",1
"276","FBgn0010198",-7.2922,1353.1595,"3.13135220037002",1
"415","FBgn0011741",-7.2824,45.2441,"1.65565793219785",1
"671","FBgn0040237",-7.2817,92.37185,"1.9655866549959",1
"80","FBgn0010612",-7.2722,225.884,"2.35390469572117",1
"558","FBgn0023514",-7.2683,35.9114,"1.55535325451047",1
"1566","FBgn0035753",-7.265,2363.235,"3.37350874771467",1
"469","FBgn0032849",-7.251,30.1971,"1.48010903330202",1
"329","FBgn0004652",-7.2457,51.90785,"1.71531669934567",1
"705","FBgn0021967",-7.2421,150.2625,"2.17687951158502",1
"506","FBgn0265042",-7.2394,9,"0.954724790979063",1
"1341","FBgn0250874",-7.217,102.04895,"2.008851095923",1
"835","FBgn0041342",-7.2069,112.755,"2.05217432424344",1
"304","FBgn0011769",-7.2066,24.0682,"1.38162401749914",1
"454","FBgn0037202",-7.2049,24.124,"1.38262930839692",1
"1240","FBgn0015279",-7.1922,26.3453,"1.42086796411398",1
"718","FBgn0026702",-7.1854,10.4382,"1.01904147729863",1
"457","FBgn0035032",-7.1768,387.682,"2.58848683946039",1
"651","FBgn0034401",-7.1653,57.9204,"1.76290652724225",1
"675","FBgn0032509",-7.1437,79.8521,"1.9023407259237",1
"666","FBgn0024920",-7.1411,103.4855,"2.01492146701366",1
"587","FBgn0035978",-7.1234,51.63565,"1.71303374772292",1
"434","FBgn0036030",-7.1103,29.45555,"1.46931455198931",1
"583","FBgn0032511",-7.1094,86.71885,"1.93816358780661",1
"428","FBgn0050499",-7.1083,75.65085,"1.87887121599765",1
"437","FBgn0033699",-7.1081,3206.32,"3.5060082185183",1
"942","FBgn0037249",-7.1035,212.653,"2.32769193610105",1
"264","FBgn0000100",-7.1013,2318.91,"3.36528576624995",1
"332","FBgn0259984",-7.0768,42.91655,"1.63272598570351",1
"280","FBgn0030274",-7.0644,19.34615,"1.28681897900385",1
"310","FBgn0265974",-7.0593,8.5,"0.929929560084588",1
"530","FBgn0004888",-7.027,194.3275,"2.28855661157079",1
"764","FBgn0035323",-7.0236,28.33445,"1.45246803429286",1
"377","FBgn0035987",-7.0113,65.04575,"1.81328568802919",1
"406","FBgn0053260",-7.0007,2.71189,"0.434870570037664",1
"365","FBgn0033912",-6.9943,4366.615,"3.64014589688501",1
"1262","FBgn0025455",-6.9924,21.3957,"1.33052943451401",1
"831","FBgn0029958",-6.9868,20.5598,"1.3132300690735",1
"380","FBgn0262519",-6.9797,85.5,"1.9320169064342",1
"1049","FBgn0002413",-6.9751,56.57485,"1.75270016895989",1
"707","FBgn0030291",-6.9308,8.716195,"0.940824913725031",1
"848","FBgn0036213",-6.9223,2931.935,"3.46715581916809",1
"267","FBgn0259791",-6.9184,12.3409,"1.09169860543312",1
"258","FBgn0032906",-6.9173,133.852,"2.12665730940553",1
"403","FBgn0033883",-6.9139,30.8963,"1.49004701587647",1
"753","FBgn0283427",-6.9117,151,"2.17900570756482",1
"528","FBgn0036356",-6.9082,12.778,"1.10680262759965",1
"1029","FBgn0027567",-6.9079,73.28165,"1.86505449898644",1
"935","FBgn0026869",-6.9061,13.8274,"1.1410544953426",1
"393","FBgn0261609",-6.9038,230,"2.3617467179759",1
"781","FBgn0037566",-6.8579,35.28565,"1.54772118421481",1
"306","FBgn0000575",-6.8534,26.46105,"1.42277116835695",1
"805","FBgn0263120",-6.8525,39,"1.59117595031179",1
"353","FBgn0010621",-6.8221,580.653,"2.76392415355566",1
"485","FBgn0086371",-6.8073,34.1421,"1.53341741344571",1
"238","FBgn0003676",-6.7986,212.1385,"2.3266399654261",1
"441","FBgn0039254",-6.7977,14.089,"1.14918831053601",1
"925","FBgn0030320",-6.7932,13.62265,"1.1345802849258",1
"867","FBgn0067628",-6.7874,9.08311,"0.958712444810374",1
"453","FBgn0266490",-6.7802,38.5,"1.58557351862273",1
"525","FBgn0024196",-6.7739,178.3925,"2.25140093596274",1
"1120","FBgn0050077",-6.7601,14.77135,"1.16971410055245",1
"641","FBgn0037232",-6.742,7.58573,"0.880569518782968",1
"992","FBgn0036762",-6.7366,159.9045,"2.20388784451222",1
"864","FBgn0011336",-6.7361,134.9415,"2.13017771614783",1
"1315","FBgn0031194",-6.7319,19.09095,"1.28105496774499",1
"663","FBgn0001197",-6.7312,266.9395,"2.42642911175529",1
"372","FBgn0000426",-6.73,139.1935,"2.14365015489794",1
"1171","FBgn0261278",-6.7195,52.32515,"1.71879347325547",1
"1175","FBgn0035890",-6.7118,11.7488,"1.0703630037155",1
"1374","FBgn0263655",-6.7005,2,"0.303196057420489",1
"595","FBgn0033926",-6.6968,352.1465,"2.54673570888078",1
"650","FBgn0001341",-6.6809,13.89008,"1.14301729978349",1
"1002","FBgn0038478",-6.6736,6.382875,"0.805696212749057",1
"989","FBgn0011205",-6.6686,43.38,"1.63738965012921",1
"846","FBgn0015402",-6.666,13.22605,"1.12175839906526",1
"520","FBgn0086357",-6.6446,254.377,"2.40549491368816",1
"232","FBgn0262716",-6.6316,245,"2.38918381030816",1
"1418","FBgn0037943",-6.6276,21.9117,"1.34087423010391",1
"405","FBgn0019938",-6.6014,27.82,"1.44451320633404",1
"2956","FBgn0001291",-6.5964,57.3434,"1.75855916866222",1
"344","FBgn0266410",-6.5913,35.5,"1.55035067230162",1
"665","FBgn0001565",-6.5899,59.1023,"1.7716778576381",1
"410","FBgn0021906",-6.589,248.8395,"2.39593677247623",1
"790","FBgn0035107",-6.5866,44.72995,"1.65069549440665",1
"800","FBgn0027057",-6.5856,30.37325,"1.48263422711643",1
"356","FBgn0000319",-6.578,152.427,"2.18309039315532",1
"554","FBgn0010422",-6.5778,43.41685,"1.63775832862006",1
"229","FBgn0024238",-6.5641,68.52485,"1.8359114665862",1
"679","FBgn0003124",-6.5589,81.4889,"1.91115174705711",1
"585","FBgn0028686",-6.556,146.4055,"2.16558705492008",1
"891","FBgn0040890",-6.5376,32.15975,"1.50744768589288",1
"566","FBgn0031676",-6.5368,11.208665,"1.04994117976965",1
"539","FBgn0025638",-6.5345,66.55365,"1.82323712835774",1
"477","FBgn0038234",-6.5148,20.48655,"1.31168076632139",1
"849","FBgn0033951",-6.5083,28.6394,"1.45711553103577",1
"741","FBgn0039622",-6.5029,7.7096145,"0.887595613198041",1
"557","FBgn0035848",-6.4997,11.19095,"1.04925485858634",1
"412","FBgn0031228",-6.4996,116.2107,"2.06528348687648",1
"508","FBgn0260464",-6.4929,19.721,"1.29514909657892",1
"350","FBgn0086904",-6.4901,1387.005,"3.1420811578159",1
"458","FBgn0053217",-6.4887,3.74135,"0.574187585605674",1
"335","FBgn0032020",-6.4839,49.40165,"1.69382935649882",1
"394","FBgn0262743",-6.4792,34.5,"1.53794495929149",1
"507","FBgn0031281",-6.4791,7.82673,"0.89413488421464",1
"1248","FBgn0039260",-6.4784,21.51615,"1.33296636223083",1
"803","FBgn0015271",-6.4751,9.17385,"0.963024781771637",1
"210","FBgn0015218",-6.4748,154.333,"2.18848693747661",1
"1101","FBgn0046222",-6.4676,23.2897,"1.36735032921558",1
"295","FBgn0011763",-6.4637,53.9262,"1.73188034558062",1
"230","FBgn0052230",-6.4631,158.3385,"2.19961395375272",1
"2598","FBgn0040600",-6.4623,29.24495,"1.46619936018925",1
"590","FBgn0033554",-6.4617,5.688665,"0.75577312741993",1
"236","FBgn0263757",-6.4487,8.689,"0.93946933084353",1
"720","FBgn0037102",-6.4378,29.7137,"1.47310286934043",1
"160","FBgn0033155",-6.4323,20.05005,"1.30233201117179",1
"916","FBgn0036853",-6.4261,31.29315,"1.49558804229994",1
"499","FBgn0030871",-6.426,39.9517,"1.60164395515242",1
"511","FBgn0029798",-6.4207,13.0713,"1.11665090566805",1
"988","FBgn0263855",-6.4198,20,"1.30124708863621",1
"977","FBgn0027053",-6.4095,64.8421,"1.81192404369914",1
"593","FBgn0051229",-6.4087,40.3725,"1.60619320174472",1
"277","FBgn0034727",-6.405,39.98995,"1.60205944845952",1
"480","FBgn0052708",-6.4021,22.98545,"1.36164191274044",1
"824","FBgn0261353",-6.3994,43.7971,"1.64154450413266",1
"893","FBgn0039702",-6.3915,18.342,"1.26368340055719",1
"748","FBgn0036018",-6.3903,10.008105,"1.00078557922828",1
"854","FBgn0027330",-6.3871,23.59785,"1.37305643707225",1
"729","FBgn0039977",-6.3689,18.64965,"1.27090349340329",1
"254","FBgn0039904",-6.3618,13.64795,"1.135385518489",1
"309","FBgn0026427",-6.3605,10.384705,"1.01681216863717",1
"1281","FBgn0011760",-6.3401,186.301,"2.27023849686227",1
"730","FBgn0032987",-6.3388,4123.455,"3.61526231262017",1
"1224","FBgn0031312",-6.3383,82.10165,"1.91440477918734",1
"444","FBgn0053229",-6.3343,22.44015,"1.35121924707452",1
"2378","FBgn0038427",-6.3335,17.619,"1.24622767776732",1
"937","FBgn0000063",-6.3312,9.113335,"0.960153622028138",1
"609","FBgn0262714",-6.3308,10.5,"1.02160271602824",1
"527","FBgn0010747",-6.3277,53.62605,"1.72945678695791",1
"402","FBgn0003165",-6.3104,60.7457,"1.78358702897686",1
"1034","FBgn0017418",-6.3084,15.95395,"1.20314035887908",1
"799","FBgn0003884",-6.3038,1407.049,"3.14831230840647",1
"656","FBgn0010786",-6.2971,125.147,"2.0974551446063",1
"862","FBgn0034654",-6.2958,259.2975,"2.41381507813267",1
"771","FBgn0035694",-6.2953,0.04703115,"-1.24388787103073",0
"1036","FBgn0030790",-6.2902,16.5446,"1.21891869158815",1
"954","FBgn0038146",-6.2885,36.44195,"1.56172076589371",1
"694","FBgn0031871",-6.2752,25.72765,"1.41056889071817",1
"604","FBgn0051713",-6.2661,10.9785,"1.04093841251596",1
"1385","FBgn0085436",-6.2613,59.48135,"1.77445382420986",1
"289","FBgn0260407",-6.2545,26.4811,"1.42309999204625",1
"2204","FBgn0033431",-6.2518,21.51725,"1.33298855438895",1
"2067","FBgn0266268",-6.2462,41.5,"1.61815273337852",1
"421","FBgn0044511",-6.2303,49.95505,"1.69866632634534",1
"861","FBgn0040623",-6.229,92.11245,"1.96436547952376",1
"939","FBgn0028554",-6.2214,86.0919,"1.93501273508212",1
"1122","FBgn0260223",-6.2192,206.5585,"2.31506409589032",1
"667","FBgn0037105",-6.2005,3.574725,"0.55445584464442",1
"796","FBgn0052479",-6.1915,28.41495,"1.45369970942861",1
"919","FBgn0260390",-6.1873,21.84595,"1.33956968846424",1
"345","FBgn0011217",-6.1845,187.533,"2.27310085884607",1
"449","FBgn0023171",-6.1797,21.9774,"1.34217387727293",1
"702","FBgn0038269",-6.1747,12.88295,"1.11035229843487",1
"483","FBgn0004797",-6.1738,8.39764,"0.924674107710877",1
"775","FBgn0267727",-6.1737,322,"2.50786935889267",1
"1030","FBgn0036374",-6.1714,7.94949,"0.900885241446017",1
"693","FBgn0032234",-6.169,9.13721,"0.961288649654005",1
"1062","FBgn0036825",-6.1661,4650.615,"3.66751132188163",1
"174","FBgn0038145",-6.1612,239.6875,"2.37966350444723",1
"435","FBgn0263755",-6.1589,11.5,"1.06107532362979",1
"980","FBgn0031897",-6.1487,11.17977,"1.04882115991911",1
"898","FBgn0015359",-6.1464,45.532,"1.65841209896009",1
"657","FBgn0029512",-6.1349,83.0723,"1.9195085107745",1
"687","FBgn0266917",-6.1292,33.5,"1.52517442783527",1
"496","FBgn0024285",-6.1088,80.88355,"1.90791389477567",1
"268","FBgn0033259",-6.1005,22.4921,"1.35222305037153",1
"886","FBgn0038683",-6.0944,24.76515,"1.39401629258113",1
"740","FBgn0003545",-6.0919,16.3644,"1.21416539529202",1
"492","FBgn0019644",-6.0854,317.453,"2.50169311598327",1
"494","FBgn0030809",-6.0825,28.0238,"1.44768197065273",1
"1013","FBgn0033062",-6.0823,34.6204,"1.53945750791647",1
"56","FBgn0016700",-6.0816,124.2455,"2.09431562128292",1
"965","FBgn0261067",-6.0809,29.39695,"1.46844998313138",1
"618","FBgn0029941",-6.0701,53.5136,"1.72854531641063",1
"690","FBgn0003209",-6.0577,12.43685,"1.09505945579232",1
"981","FBgn0044030",-6.0551,51.05255,"1.70810249913404",1
"612","FBgn0030552",-6.0545,34.621,"1.53946503235834",1
"883","FBgn0010314",-6.0531,33.6317,"1.52687793367655",1
"782","FBgn0004103",-6.052,170.498,"2.23174476030416",1
"797","FBgn0043364",-6.0406,32.67315,"1.51432390715324",1
"1154","FBgn0016715",-6.0227,8.696218,"0.939829537506851",1
"652","FBgn0261068",-6.0218,74.7203,"1.87349672570703",1
"715","FBgn0038274",-6.0108,27.33325,"1.43685013324499",1
"923","FBgn0033845",-6.0077,28.0286,"1.44775632500597",1
"1194","FBgn0050349",-6.007,53.9184,"1.73181753541001",1
"512","FBgn0028836",-6.0052,41.48905,"1.61803815491739",1
"731","FBgn0000308",-6.0035,648.897,"2.81218245907935",1
"551","FBgn0030572",-6.0014,52.418,"1.71956329075719",1
"750","FBgn0032597",-6.0006,53.1373,"1.72548120630267",1
"680","FBgn0000546",-5.9969,11.256845,"1.05180231969139",1
"660","FBgn0034240",-5.9964,11.64235,"1.06641352099389",1
"495","FBgn0082598",-5.993,117.63855,"2.07058657893338",1
"283","FBgn0263977",-5.9879,223.5,"2.3492969585537",1
"739","FBgn0031051",-5.9804,30.2302,"1.48058465913767",1
"589","FBgn0259214",-5.9787,48.29215,"1.68396646227025",1
"594","FBgn0023180",-5.9766,10.67503,"1.02877574585584",1
"1226","FBgn0039158",-5.9628,11.23885,"1.05110812563113",1
"642","FBgn0036397",-5.9621,9.165265,"0.962618616398318",1
"664","FBgn0031043",-5.9601,25.2297,"1.40208418856263",1
"240","FBgn0034967",-5.9516,1087.82,"3.03656103154736",1
"766","FBgn0005585",-5.9497,758.3785,"2.87989173885479",1
"811","FBgn0264959",-5.9438,24,"1.38039216005703",1
"809","FBgn0030787",-5.9318,10.7159,"1.0304337436199",1
"602","FBgn0035407",-5.9317,6.901395,"0.839565714473549",1
"646","FBgn0033210",-5.9227,38.8041,"1.58898952043463",1
"536","FBgn0036334",-5.9175,265.0945,"2.42341709970058",1
"351","FBgn0283521",-5.9008,281.258,"2.44912032507686",1
"710","FBgn0004379",-5.9002,22.92825,"1.36056028172854",1
"689","FBgn0030067",-5.8981,91.61035,"1.9619919464968",1
"1218","FBgn0027582",-5.8958,27.72805,"1.44307592667213",1
"636","FBgn0014455",-5.8893,140.627,"2.1480995936701",1
"550","FBgn0003268",-5.8859,17.41185,"1.241094270197",1
"786","FBgn0259676",-5.885,17.8072,"1.25083945502665",1
"713","FBgn0035194",-5.8847,24.7024,"1.39291492493028",1
"774","FBgn0031779",-5.8799,33.87525,"1.53001069414367",1
"1990","FBgn0013325",-5.8712,3492.88,"3.54318490881393",1
"1107","FBgn0027535",-5.8674,16.6478,"1.2216176434723",1
"950","FBgn0038244",-5.8632,38.42525,"1.58472971025939",1
"840","FBgn0250746",-5.8612,209.208,"2.32059904618178",1
"1518","FBgn0250838",-5.8488,205.9985,"2.3138851399174",1
"1709","FBgn0034087",-5.8475,37.2431,"1.5711624182085",1
"754","FBgn0004913",-5.8472,33.4654,"1.52472577513154",1
"1404","FBgn0037718",-5.8467,74.51175,"1.87228304491475",1
"619","FBgn0028375",-5.8308,12.0258,"1.08047496241649",1
"876","FBgn0053554",-5.8174,6.88699,"0.838659596302416",1
"452","FBgn0262739",-5.8129,42.5,"1.62849110496712",1
"903","FBgn0032705",-5.8123,14.80535,"1.17071191577376",1
"433","FBgn0022023",-5.8034,394.5805,"2.59614662514516",1
"1145","FBgn0038454",-5.7868,5.418795,"0.734703442309625",1
"661","FBgn0039965",-5.7855,22.8753,"1.35955660990252",1
"758","FBgn0017579",-5.7835,3337.565,"3.52343103368954",1
"1998","FBgn0263782",-5.7646,6.5,"0.813580988568192",1
"1413","FBgn0033085",-5.7582,14.22495,"1.15335594603427",1
"873","FBgn0005648",-5.7436,77.1726,"1.88751940427728",1
"966","FBgn0032031",-5.7348,18.7007,"1.27209003551982",1
"659","FBgn0032168",-5.7335,13.98135,"1.14585962080092",1
"362","FBgn0283451",-5.7305,10.5,"1.02160271602824",1
"787","FBgn0025815",-5.7099,56.4033,"1.75138150532496",1
"1024","FBgn0035444",-5.7058,32.02565,"1.50563354020705",1
"1020","FBgn0036574",-5.6943,10.89074,"1.03745598115236",1
"932","FBgn0028694",-5.6865,142.3175,"2.15328882098644",1
"513","FBgn0033467",-5.6829,3.980795,"0.601059419426364",1
"823","FBgn0260243",-5.6743,17.8753,"1.25249622920693",1
"773","FBgn0027358",-5.664,17.6751,"1.24760751986609",1
"1678","FBgn0034187",-5.6509,1.5288715,"0.187202356562556",1
"902","FBgn0027086",-5.6494,55.81185,"1.74680422540732",1
"1309","FBgn0031497",-5.6417,271.154,"2.43323203165839",1
"744","FBgn0011211",-5.6416,551.399,"2.74147385030519",1
"540","FBgn0004198",-5.6399,21.502,"1.33268078921525",1
"535","FBgn0036266",-5.6378,3.3719,"0.529160761721134",1
"522","FBgn0052576",-5.6358,20.90935,"1.32054818613219",1
"1706","FBgn0023542",-5.6294,45.19745,"1.65521001063611",1
"995","FBgn0000053",-5.6261,52.4395,"1.71974135242899",1
"1035","FBgn0032189",-5.6244,9.808845,"0.992060404321789",1
"1298","FBgn0038167",-5.6239,20.40185,"1.30988236818402",1
"538","FBgn0261552",-5.6183,26.5,"1.42340972773309",1
"704","FBgn0010355",-5.616,18.8567,"1.27569594377267",1
"717","FBgn0011361",-5.6157,194.0135,"2.28785433458091",1
"814","FBgn0029113",-5.6115,85.47205,"1.93187492871211",1
"757","FBgn0259726",-5.6094,27.91225,"1.44595041120087",1
"976","FBgn0030874",-5.6054,10.43564,"1.01893505417304",1
"1254","FBgn0035812",-5.6032,10.63787,"1.02726274019133",1
"383","FBgn0261383",-5.6016,12.00615,"1.07976534107868",1
"836","FBgn0026380",-5.6002,128.7406,"2.10974926160513",1
"929","FBgn0034245",-5.5981,116.2888,"2.06557523359288",1
"1164","FBgn0036396",-5.5944,5.15154,"0.712779297309075",1
"2888","FBgn0034500",-5.5914,20.2925,"1.30754951916221",1
"987","FBgn0262524",-5.5909,24.5,"1.38934331125208",1
"706","FBgn0035583",-5.5888,0.02337765,"-1.47654424368912",0
"1307","FBgn0266518",-5.5871,76.5,"1.88371820196396",1
"630","FBgn0028978",-5.5859,57.53385,"1.75999891521541",1
"890","FBgn0000520",-5.5653,24.68125,"1.39254307674282",1
"1100","FBgn0030556",-5.5616,49.9664,"1.6987649689484",1
"670","FBgn0250814",-5.561,234.0445,"2.36931699541595",1
"468","FBgn0051992",-5.5513,48.57585,"1.68650980502985",1
"519","FBgn0259722",-5.5469,9.927715,"0.9972865376196",1
"461","FBgn0040512",-5.5446,141.3535,"2.15033728927085",1
"700","FBgn0265630",-5.5395,11,"1.04178731897175",1
"896","FBgn0029800",-5.5189,20.07615,"1.30289670160698",1
"479","FBgn0267861",-5.5138,10.5,"1.02160271602824",1
"654","FBgn0037686",-5.5086,1765.65,"3.24690707843756",1
"534","FBgn0033029",-5.5061,37.4598,"1.5736813749959",1
"1004","FBgn0022224",-5.5044,22.8997,"1.36001940218819",1
"697","FBgn0086613",-5.4986,11.282415,"1.05278683023455",1
"1202","FBgn0036194",-5.4902,52.8227,"1.72290280574918",1
"801","FBgn0278604",-5.4885,22,"1.34262004255335",1
"459","FBgn0263603",-5.4876,32,"1.50528567414413",1
"514","FBgn0000568",-5.487,43.10715,"1.63465004670143",1
"714","FBgn0051453",-5.4869,63.0974,"1.80008028778192",1
"532","FBgn0087013",-5.4863,208.586,"2.31930597621619",1
"838","FBgn0034569",-5.4826,16.665,"1.22206584258859",1
"439","FBgn0020653",-5.48,381.97,"2.58204062438546",1
"834","FBgn0001491",-5.4763,20.3282,"1.30831251374605",1
"653","FBgn0033669",-5.4742,91.3511,"1.96076131989755",1
"765","FBgn0260798",-5.4697,8.709355,"0.940484359898017",1
"582","FBgn0037892",-5.4649,23.8528,"1.37772140132946",1
"543","FBgn0040011",-5.4576,25.476,"1.40630167877078",1
"978","FBgn0031830",-5.4564,136.6095,"2.1355126915709",1
"1026","FBgn0040009",-5.4556,8.001075,"0.903690797637597",1
"518","FBgn0086785",-5.445,22.0515,"1.34363503755005",1
"792","FBgn0015320",-5.4401,54.3427,"1.7352211227733",1
"1115","FBgn0037603",-5.4384,33.7223,"1.52804595409326",1
"723","FBgn0267398",-5.4329,66.5,"1.82288694783415",1
"2720","FBgn0030507",-5.4298,20.1635,"1.30478125264114",1
"456","FBgn0034728",-5.4254,27.4981,"1.43946059446049",1
"333","FBgn0035878",-5.4241,79.84355,"1.90229422806549",1
"2212","FBgn0040773",-5.4206,212.286,"2.32694181143263",1
"1250","FBgn0037382",-5.4171,18.42955,"1.26575031829562",1
"1094","FBgn0025286",-5.4167,4257.095,"3.62911436203014",1
"712","FBgn0033879",-5.4148,281.099,"2.44887475022418",1
"842","FBgn0036184",-5.4136,16.9391,"1.22914664204288",1
"930","FBgn0027085",-5.4124,18.9724,"1.27835112067625",1
"1785","FBgn0250786",-5.409,27.2205,"1.43505561582573",1
"3056","FBgn0067102",-5.4082,30.67425,"1.4869155125037",1
"1339","FBgn0030243",-5.4054,26.0788,"1.4164541034251",1
"478","FBgn0037924",-5.4042,11.48325,"1.06044285353469",1
"767","FBgn0040228",-5.4031,22.31615,"1.34881383825672",1
"1579","FBgn0014380",-5.4002,74.12215,"1.87000659582653",1
"1542","FBgn0027873",-5.3976,18.73615,"1.27291208777355",1
"1735","FBgn0039859",-5.3941,8.614095,"0.935713531904414",1
"918","FBgn0037920",-5.3887,4.8118,"0.683209192624236",1
"759","FBgn0001276",-5.3848,11.973105,"1.07856936476824",1
"2299","FBgn0030720",-5.3828,47.719,"1.67878233528744",1
"1464","FBgn0013548",-5.3748,24.0011,"1.38041205647465",1
"1481","FBgn0261933",-5.3748,177,"2.24799780208012",1
"490","FBgn0036462",-5.373,50.39175,"1.70244561585324",1
"691","FBgn0039338",-5.3701,44.5085,"1.64854052285275",1
"692","FBgn0016696",-5.3678,32.70495,"1.51474626087951",1
"476","FBgn0037481",-5.3666,14.27605,"1.15491216578615",1
"1021","FBgn0035838",-5.3566,5.89592,"0.771287559832943",1
"798","FBgn0027259",-5.3552,22.49385,"1.35225682436558",1
"1258","FBgn0010622",-5.3335,22.37795,"1.35001432830668",1
"298","FBgn0004838",-5.332,340.487,"2.53211328984885",1
"719","FBgn0031492",-5.3235,23.46145,"1.37053991991589",1
"631","FBgn0003449",-5.3212,55.26775,"1.74255035740393",1
"1436","FBgn0005640",-5.315,31.5514,"1.49915625939129",1
"658","FBgn0264491",-5.3101,26,"1.41514035219587",1
"430","FBgn0036928",-5.3081,167.4925,"2.22402129333168",1
"945","FBgn0043884",-5.3067,31.00135,"1.49152067255106",1
"616","FBgn0005649",-5.3034,52.4287,"1.7196519166217",1
"603","FBgn0035001",-5.2975,60.1048,"1.77898140656262",1
"843","FBgn0019886",-5.2962,36.2177,"1.55904076271199",1
"1375","FBgn0020018",-5.2939,18.5432,"1.26841882621446",1
"3022","FBgn0038597",-5.2894,24.50395,"1.38941329595169",1
"833","FBgn0036134",-5.2849,16.32275,"1.21305931451466",1
"728","FBgn0025693",-5.2842,17.70185,"1.2482639255509",1
"736","FBgn0038808",-5.2784,43.28645,"1.6364522887641",1
"1958","FBgn0010416",-5.2774,38.8984,"1.5900433720153",1
"778","FBgn0034915",-5.2755,217.6865,"2.33785144675857",1
"1236","FBgn0032240",-5.2705,32.7455,"1.51528423315534",1
"2609","FBgn0041092",-5.2699,32.3378,"1.50984474929066",1
"491","FBgn0027329",-5.2663,310.8905,"2.49262142048985",1
"914","FBgn0085430",-5.2641,10.8692,"1.03659696077029",1
"941","FBgn0000711",-5.2602,29.0153,"1.46277671721927",1
"1750","FBgn0028577",-5.2552,68.4686,"1.83555487289442",1
"732","FBgn0030136",-5.2537,2388.38,"3.37810524415691",1
"1493","FBgn0003357",-5.2527,0.0073441,"-1.76084823114476",0
"709","FBgn0260222",-5.2525,39.95625,"1.60169340068167",1
"1247","FBgn0020235",-5.2452,513.598,"2.71063177971967",1
"1660","FBgn0004908",-5.2396,21.83255,"1.33930333853279",1
"648","FBgn0086446",-5.2393,53.76055,"1.73054447874499",1
"1451","FBgn0030364",-5.2378,39.8992,"1.60107302221981",1
"617","FBgn0003261",-5.237,382.7725,"2.58295207454064",1
"1008","FBgn0003732",-5.2332,77.97475,"1.8920096842498",1
"577","FBgn0038319",-5.2243,48.82095,"1.68869517351092",1
"549","FBgn0030406",-5.2229,10.30982,"1.01367212232138",1
"1055","FBgn0040396",-5.2219,37.38965,"1.57286753792829",1
"952","FBgn0036191",-5.2181,14.1173,"1.1500591677122",1
"828","FBgn0261274",-5.2143,19.12225,"1.28176604713779",1
"1326","FBgn0026713",-5.2108,41.65975,"1.61982089489102",1
"794","FBgn0027588",-5.2107,165.1095,"2.21779836485767",1
"560","FBgn0036661",-5.2071,83.48455,"1.92165812839171",1
"505","FBgn0033740",-5.2009,12.8194,"1.10820634594762",1
"1478","FBgn0035763",-5.1883,42.1639,"1.62504376393075",1
"399","FBgn0040475",-5.1876,68.502,"1.83576664561434",1
"973","FBgn0260441",-5.1813,1909.11,"3.28083322734595",1
"882","FBgn0040230",-5.1811,9.838435,"0.9933672228972",1
"1109","FBgn0025366",-5.1769,397.771,"2.59964403521823",1
"1276","FBgn0033317",-5.1735,85.55095,"1.93227559798303",1
"2564","FBgn0261243",-5.1705,47.3078,"1.67502454428068",1
"474","FBgn0051368",-5.1698,12.37365,"1.09284866901576",1
"628","FBgn0039561",-5.1689,31.48085,"1.4981843832573",1
"909","FBgn0033712",-5.1616,7.00432,"0.845985574927875",1
"847","FBgn0261436",-5.1592,30,"1.47726599542485",1
"1397","FBgn0028695",-5.1552,97.26615,"1.98800637374154",1
"624","FBgn0000043",-5.1551,925.9265,"2.96658120412771",1
"776","FBgn0259170",-5.1516,11.670375,"1.06745678608258",1
"1687","FBgn0263599",-5.1479,27.5,"1.43949059038968",1
"1517","FBgn0264978",-5.1443,23.5,"1.37125262912494",1
"962","FBgn0033179",-5.1291,126.2895,"2.10140163125469",1
"574","FBgn0260456",-5.1223,21.3178,"1.32894605952179",1
"1507","FBgn0032361",-5.1203,11.03064,"1.04299424915516",1
"460","FBgn0022943",-5.115,36.6622,"1.5643369644793",1
"1268","FBgn0261004",-5.1101,17.045535,"1.23186534695676",1
"1366","FBgn0037810",-5.1071,31.38995,"1.49692895652094",1
"1426","FBgn0024889",-5.0948,23.2926,"1.36740438036752",1
"1244","FBgn0023181",-5.0873,21.56485,"1.33394778494814",1
"502","FBgn0259978",-5.0853,24.2185,"1.38432652755525",1
"381","FBgn0036007",-5.0778,27.3741,"1.43749847206938",1
"623","FBgn0005632",-5.0772,39.74915,"1.5994370911615",1
"568","FBgn0030091",-5.077,15.2939,"1.18480211922585",1
"1316","FBgn0032642",-5.0703,37.0252,"1.56861469430048",1
"817","FBgn0032166",-5.0655,16.0527,"1.20581854819946",1
"1538","FBgn0026379",-5.0611,5.4975,"0.740954505822805",1
"1670","FBgn0034451",-5.0523,42.79425,"1.63148689190835",1
"1203","FBgn0021796",-5.0382,16.91655,"1.22856844844284",1
"789","FBgn0035918",-5.0341,10.70967,"1.03018141601114",1
"1768","FBgn0037061",-5.0298,18.32115,"1.26318971116995",1
"696","FBgn0030239",-5.0242,36.35615,"1.56069732573826",1
"524","FBgn0033376",-5.0235,8.571245,"0.93355030153226",1
"912","FBgn0261789",-5.0207,265,"2.42326226209861",1
"1087","FBgn0036684",-5.0202,13.15555,"1.11943900677484",1
"1253","FBgn0028700",-5.0195,28.0365,"1.44787867216875",1
"808","FBgn0262125",-5.0172,142,"2.15231892742464",1
"451","FBgn0035164",-5.0152,26.93625,"1.43049833473148",1
"1626","FBgn0036433",-5.0145,1.34064,"0.130539607461785",1
"1968","FBgn0031231",-5.0098,30.2332,"1.48062774148578",1
"795","FBgn0034963",-5.0053,10.4976,"1.02150353184345",1
"2352","FBgn0032499",-4.9989,18.66505,"1.27126177325558",1
"2263","FBgn0260935",-4.9935,7.28065,"0.862766249693692",1
"637","FBgn0033777",-4.9843,54.78885,"1.73877144454468",1
"1147","FBgn0030336",-4.9799,30.82985,"1.48911225704654",1
"2045","FBgn0266540",-4.9772,6.5,"0.813580988568192",1
"314","FBgn0086694",-4.9754,23.76095,"1.37604653854406",1
"548","FBgn0030894",-4.9678,27.73725,"1.44321994713413",1
"1558","FBgn0266848",-4.9673,44,"1.64355136856295",1
"253","FBgn0085212",-4.9657,6.669295,"0.82473062508517",1
"1047","FBgn0266581",-4.9578,48,"1.68133170596917",1
"855","FBgn0035482",-4.9529,6.027135,"0.780830887481686",1
"423","FBgn0039302",-4.9511,50.4987,"1.70336619072395",1
"826","FBgn0003638",-4.9487,25.7046,"1.41017977310028",1
"2148","FBgn0044324",-4.9468,32.1739,"1.50763867014997",1
"1084","FBgn0015298",-4.9454,60.0953,"1.77891276916194",1
"1321","FBgn0031315",-4.9451,24.07545,"1.3817547648581",1
"877","FBgn0011455",-4.9364,84.68475,"1.92785649041695",1
"1139","FBgn0034792",-4.9337,70.24425,"1.84667260182577",1
"563","FBgn0032444",-4.9311,313.7125,"2.49654566716898",1
"3769","FBgn0029502",-4.93,44.1759,"1.64528370534178",1
"484","FBgn0262527",-4.9255,32.5,"1.51201696949613",1
"1640","FBgn0003159",-4.9229,2.91787045,"0.466551856506966",1
"1445","FBgn0036406",-4.9117,10.201805,"1.0091025131208",1
"503","FBgn0030420",-4.9104,5.782075,"0.762834176786338",1
"1201","FBgn0283461",-4.9036,11,"1.04178731897175",1
"1173","FBgn0003480",-4.9025,4.592155,"0.662961241562327",1
"1502","FBgn0030486",-4.9016,12.96725,"1.11318267117321",1
"1219","FBgn0033000",-4.9013,24.33945,"1.38648915591358",1
"655","FBgn0266452",-4.8982,25.5,"1.40671045860979",1
"1991","FBgn0017566",-4.8888,144.2175,"2.15904807563708",1
"1300","FBgn0032921",-4.8845,12.38825,"1.09336038927687",1
"1017","FBgn0029133",-4.8812,253.269,"2.40359918283359",1
"1523","FBgn0035526",-4.8809,31.3117,"1.49584532556289",1
"870","FBgn0010750",-4.8712,47.76735,"1.67922205767226",1
"905","FBgn0050007",-4.8695,3.526035,"0.548516555049078",1
"763","FBgn0037551",-4.8679,53.46595,"1.72815850855152",1
"620","FBgn0003943",-4.8562,66.4034,"1.82225571429156",1
"547","FBgn0263852",-4.848,186.5,"2.27070212208782",1
"768","FBgn0261573",-4.8462,21.5,"1.33264041038746",1
"1552","FBgn0011571",-4.846,148.25,"2.17102399578572",1
"889","FBgn0024371",-4.845,27.50955,"1.43964132803314",1
"598","FBgn0039726",-4.835,31.3517,"1.49639959612365",1
"1661","FBgn0017581",-4.8262,254.769,"2.40616362868697",1
"1252","FBgn0261285",-4.8243,5.914655,"0.772663065912755",1
"2319","FBgn0036728",-4.8205,175.588,"2.24451956513551",1
"1241","FBgn0038290",-4.8116,26.88645,"1.42969496226442",1
"1503","FBgn0037340",-4.8087,23.58655,"1.3728485103646",1
"878","FBgn0027592",-4.8058,29.7175,"1.47315838778357",1
"493","FBgn0028475",-4.7943,29.3023,"1.46704989684576",1
"578","FBgn0010292",-4.7919,34.7943,"1.54163290345539",1
"592","FBgn0039337",-4.7892,23.28305,"1.36722635892731",1
"1110","FBgn0266282",-4.7878,9.5,"0.978180516937414",1
"1027","FBgn0261975",-4.7739,61,"1.78540102499239",1
"841","FBgn0029173",-4.7698,11.024765,"1.04276308871743",1
"1411","FBgn0011300",-4.769,13.6966,"1.13692973893517",1
"871","FBgn0032793",-4.7671,34.7721,"1.54135579937111",1
"1016","FBgn0015754",-4.7641,38.73385,"1.58820277463495",1
"983","FBgn0037880",-4.7607,15.13695,"1.18032519181378",1
"1006","FBgn0001139",-4.7503,60.1414,"1.77924573982547",1
"668","FBgn0260987",-4.7491,14.80735,"1.17077053945403",1
"791","FBgn0053303",-4.7483,220.981,"2.34437458712435",1
"1473","FBgn0038692",-4.7306,16.02225,"1.20499447644102",1
"2369","FBgn0032698",-4.7284,20.3268,"1.30828261762928",1
"1075","FBgn0037891",-4.7222,89.44675,"1.95161311602862",1
"683","FBgn0005322",-4.7146,49.56295,"1.69524476378312",1
"1613","FBgn0261523",-4.7076,0,"-2",0
"804","FBgn0037655",-4.707,71.53995,"1.85460933460549",1
"413","FBgn0030096",-4.7043,27.62285,"1.44142567953983",1
"1410","FBgn0040071",-4.7038,10.84272,"1.03553859836401",1
"934","FBgn0037001",-4.7011,192.2415,"2.28386973697376",1
"2317","FBgn0053247",-4.7003,0,"-2",0
"1329","FBgn0260388",-4.6909,45.8248,"1.66119534064769",1
"852","FBgn0033459",-4.6855,14.896165,"1.17336592423308",1
"998","FBgn0035150",-4.6823,26.4224,"1.42213659784361",1
"1301","FBgn0250848",-4.6736,379.4485,"2.57916428561614",1
"899","FBgn0267976",-4.6699,112.5,"2.0511911246857",1
"872","FBgn0029870",-4.6672,45.89695,"1.66187843974552",1
"997","FBgn0261014",-4.6579,328.2045,"2.51615776358753",1
"1519","FBgn0029899",-4.6573,12.31131,"1.09065688441332",1
"1129","FBgn0037360",-4.6512,59.4004,"1.77386247641654",1
"887","FBgn0015799",-4.6482,28.4156,"1.45370964042887",1
"1668","FBgn0038964",-4.6455,129.4206,"2.11203696443222",1
"2295","FBgn0267652",-4.6326,9.5,"0.978180516937414",1
"1526","FBgn0003415",-4.6276,9.317475,"0.969764093695006",1
"968","FBgn0011476",-4.6243,12.16431,"1.08544435619597",1
"1681","FBgn0028962",-4.6211,12.959,"1.11290649025331",1
"1156","FBgn0037082",-4.6182,11.92607,"1.07686135708943",1
"1637","FBgn0261596",-4.6173,1406.5,"3.14814282425762",1
"2382","FBgn0033315",-4.6168,12.7168,"1.10471921928253",1
"600","FBgn0000404",-4.6074,65.1518,"1.8139930725559",1
"1286","FBgn0027836",-4.6062,191.633,"2.28249296073155",1
"1057","FBgn0260859",-4.6054,16.31005,"1.21272148497488",1
"1270","FBgn0086451",-4.601,16.12755,"1.20783760087884",1
"1088","FBgn0000318",-4.5989,257.1755,"2.41024647961959",1
"1189","FBgn0030985",-4.5933,1.9575065,"0.293916175800845",1
"1068","FBgn0037482",-4.593,35.47895,"1.55009315020835",1
"3233","FBgn0034650",-4.5867,22.98945,"1.36171745059059",1
"1367","FBgn0031266",-4.5831,28.93345,"1.46155029688188",1
"1674","FBgn0259151",-4.5827,0.1286192,"-0.858176611884741",0
"721","FBgn0011224",-4.57,12.44915,"1.09548841448193",1
"904","FBgn0035475",-4.5699,6.566115,"0.817969399335631",1
"906","FBgn0026576",-4.5687,30.3377,"1.48212578222647",1
"556","FBgn0033261",-4.5648,12.5654,"1.09952180804446",1
"591","FBgn0030789",-4.5636,16.1672,"1.2089033547435",1
"1914","FBgn0003525",-4.5557,128.2571,"2.10811527585472",1
"1331","FBgn0032138",-4.5553,182.339,"2.26090338598995",1
"677","FBgn0037108",-4.5543,56.3044,"1.75061946129708",1
"2021","FBgn0003345",-4.5537,27.269,"1.43582844580695",1
"727","FBgn0037369",-4.5513,20.2334,"1.30628345664748",1
"1387","FBgn0086444",-4.55,19.0039,"1.27907120549051",1
"673","FBgn0033623",-4.5441,0,"-2",0
"533","FBgn0005683",-4.5433,12.52705,"1.09819535791089",1
"944","FBgn0036662",-4.5424,18.03475,"1.25635086952811",1
"1699","FBgn0038476",-4.5404,50.67985,"1.7049210060731",1
"2331","FBgn0026573",-4.5371,11.2771,"1.05258237276822",1
"1415","FBgn0010043",-4.5363,11.89597,"1.07576478390607",1
"2549","FBgn0035120",-4.5361,46.0156,"1.66299945877281",1
"1048","FBgn0004867",-4.5328,5175.4,"3.71394476063801",1
"1531","FBgn0029672",-4.5322,13.844,"1.14157518330082",1
"1441","FBgn0053199",-4.5308,29.227,"1.46593280774247",1
"733","FBgn0035640",-4.528,32.46995,"1.51161535201185",1
"2076","FBgn0029882",-4.5255,100.7574,"2.00332005304163",1
"498","FBgn0040285",-4.522,62.6442,"1.79695018906817",1
"672","FBgn0003117",-4.5213,65.93831605,"1.81920371057943",1
"908","FBgn0002283",-4.5201,16.91295,"1.22847607129454",1
"1708","FBgn0035106",-4.519,7.65956,"0.884770449339684",1
"1965","FBgn0033737",-4.5176,27.28835,"1.43613639767991",1
"1074","FBgn0014024",-4.5168,27.4714,"1.43903885345255",1
"769","FBgn0261617",-4.5105,13.5,"1.13065534902203",1
"1297","FBgn0010350",-4.5067,15.672335,"1.19541072685076",1
"427","FBgn0031066",-4.5055,292.1775,"2.46566163255261",1
"2264","FBgn0005655",-4.5035,188.164,"2.27455961677148",1
"1132","FBgn0033741",-4.4972,38.5062,"1.58564343316593",1
"746","FBgn0033413",-4.4968,30.34505,"1.48223095256743",1
"851","FBgn0041191",-4.4964,35.9132,"1.55537501620356",1
"682","FBgn0010348",-4.4959,238.6175,"2.37772049134627",1
"1615","FBgn0028342",-4.4916,234.9315,"2.37095973720799",1
"830","FBgn0030082",-4.4863,51.23175,"1.70962395328118",1
"1185","FBgn0036173",-4.4863,39.07195,"1.59197622477836",1
"1028","FBgn0037643",-4.4831,94.99695,"1.97775537619671",1
"1137","FBgn0000579",-4.4815,597.571,"2.77639678069768",1
"917","FBgn0035901",-4.4735,12.883595,"1.11037402448936",1
"1108","FBgn0028899",-4.4675,0.0366572,"-1.33108132771622",0
"6509","FBgn0029867",-4.4675,52.84855,"1.72311524552222",1
"523","FBgn0040929",-4.4608,5.767075,"0.761708005740255",1
"455","FBgn0001994",-4.4538,30.6655,"1.48679165030601",1
"860","FBgn0038593",-4.4482,12.2315,"1.08783463691161",1
"958","FBgn0266666",-4.4377,108.5,"2.03546976348128",1
"1560","FBgn0061200",-4.4278,21.12535,"1.32500944411252",1
"1160","FBgn0027080",-4.4238,74.0773,"1.86974376786289",1
"850","FBgn0026479",-4.4201,45.98275,"1.66268937770014",1
"2791","FBgn0031435",-4.4185,2.521085,"0.403306730069794",1
"1133","FBgn0038414",-4.418,1.2458605,"0.098941400989619",1
"1609","FBgn0030506",-4.4166,12.9795,"1.11359243425854",1
"1052","FBgn0031972",-4.4149,26.38365,"1.42149945332146",1
"3383","FBgn0004864",-4.4144,11.8121,"1.07269462860993",1
"1726","FBgn0001186",-4.4133,116.5716,"2.06663001140891",1
"1843","FBgn0039861",-4.4103,9.10614,"0.959810986183699",1
"2717","FBgn0041171",-4.4032,30.737,"1.48780274785111",1
"946","FBgn0039067",-4.4008,6.609955,"0.820855037276843",1
"1675","FBgn0022153",-4.4008,32.0906,"1.50651314998287",1
"1460","FBgn0261276",-4.3984,64.4349,"1.80918855412548",1
"1121","FBgn0031392",-4.3961,25.2697,"1.40277191576867",1
"985","FBgn0036667",-4.3913,39.5494,"1.59724969600236",1
"970","FBgn0032822",-4.3839,6.013895,"0.779877393252733",1
"2039","FBgn0266464",-4.3829,27.5,"1.43949059038968",1
"1131","FBgn0004391",-4.3824,16.71185,"1.22328432336292",1
"1536","FBgn0033059",-4.382,22.70275,"1.35626972063631",1
"1692","FBgn0051374",-4.3802,1.0652495,"0.031509249275614",1
"3570","FBgn0034397",-4.3799,2.07714,"0.319551581402888",1
"1124","FBgn0036534",-4.3683,29.64985,"1.47216895032227",1
"894","FBgn0052176",-4.3673,8.257635,"0.917381295122043",1
"3171","FBgn0033989",-4.365,18.94055,"1.27762181897421",1
"1200","FBgn0086445",-4.3646,10.232865,"1.01042144879423",1
"1310","FBgn0053170",-4.3641,21.17655,"1.32606024231966",1
"674","FBgn0011692",-4.3606,42.90615,"1.63262075456251",1
"1383","FBgn0026373",-4.3585,66.97165,"1.82595584157753",1
"784","FBgn0053230",-4.3578,15.7607,"1.19785097039868",1
"1188","FBgn0021760",-4.354,28.0727,"1.44843886053505",1
"1249","FBgn0015615",-4.3482,21.50245,"1.33268987393414",1
"1183","FBgn0033375",-4.3417,12.95715,"1.11284453465907",1
"1633","FBgn0038490",-4.3325,7.075795,"0.850388583552246",1
"1522","FBgn0262823",-4.3303,9,"0.954724790979063",1
"1865","FBgn0002069",-4.3302,195.298,"2.29072003276403",1
"1758","FBgn0066084",-4.3276,6629.69,"3.82149387662614",1
"1490","FBgn0037583",-4.3237,11.212435,"1.05008709866063",1
"1762","FBgn0037356",-4.3213,23.1777,"1.3652576728792",1
"1263","FBgn0033798",-4.3196,1.5,"0.178976947293169",1
"2662","FBgn0035619",-4.3173,0.0261948,"-1.44135381879065",0
"865","FBgn0035424",-4.3124,22.2165,"1.34687107986679",1
"959","FBgn0003256",-4.31,23.6482,"1.37398169888003",1
"488","FBgn0011785",-4.3066,17.62155,"1.24629049306264",1
"1105","FBgn0260401",-4.3057,52.2804,"1.71842196401608",1
"4418","FBgn0263047",-4.302,3.5,"0.545307116465824",1
"2053","FBgn0261938",-4.3005,5,"0.699837725867246",1
"1176","FBgn0030305",-4.2977,40.4174,"1.60667581153001",1
"812","FBgn0086707",-4.2946,23.10295,"1.36385537979143",1
"699","FBgn0033890",-4.2944,32.4102,"1.51081568968055",1
"526","FBgn0001942",-4.287,2438.19,"3.38706932693202",1
"1264","FBgn0262955",-4.2812,29.5,"1.46996920949996",1
"615","FBgn0033518",-4.2756,3.426385,"0.536101814649529",1
"761","FBgn0027360",-4.2707,182.8005,"2.26200113648041",1
"2738","FBgn0010333",-4.2698,88.477,"1.94687947134222",1
"888","FBgn0086447",-4.2674,18.17435,"1.25969778180214",1
"951","FBgn0010602",-4.2658,132.5145,"2.12229617435743",1
"607","FBgn0013756",-4.2633,30.43135,"1.48346390843198",1
"1089","FBgn0086706",-4.2618,184.2145,"2.26534738648653",1
"1325","FBgn0037098",-4.2585,8.87681,"0.948745895051397",1
"688","FBgn0082831",-4.2516,17.5866,"1.2454287619117",1
"1230","FBgn0015778",-4.2498,135.7574,"2.13279550116864",1
"2072","FBgn0263051",-4.2486,21.5,"1.33264041038746",1
"1090","FBgn0031227",-4.2471,5.44199,"0.736555050583619",1
"1051","FBgn0025352",-4.2453,134.6875,"2.12935953524577",1
"1835","FBgn0034564",-4.2428,62.68695,"1.79724641434925",1
"1412","FBgn0037234",-4.2331,9.92131,"0.997006538349083",1
"1181","FBgn0261381",-4.2313,61.2615,"1.78725851251326",1
"936","FBgn0035158",-4.2301,17.52455,"1.24389462479268",1
"1155","FBgn0031759",-4.2275,30.5536,"1.48520450723524",1
"1400","FBgn0039688",-4.2274,0.1505707,"-0.794333699338939",0
"1251","FBgn0031313",-4.2243,35.80602,"1.55407732388955",1
"465","FBgn0035766",-4.2228,30.0195,"1.47754810112843",1
"500","FBgn0262467",-4.222,37,"1.56831908509511",1
"1471","FBgn0010222",-4.2218,52.8925,"1.72347619586411",1
"1206","FBgn0027549",-4.2193,32.75645,"1.51542939136937",1
"684","FBgn0037265",-4.2184,4.622365,"0.665802771626258",1
"1033","FBgn0003891",-4.2176,45.51675,"1.65826664860723",1
"1964","FBgn0050043",-4.2176,0.07237615,"-1.08419850945204",0
"866","FBgn0037350",-4.217,12.4342,"1.09496698236261",1
"1682","FBgn0026619",-4.2151,13.10565,"1.11778981870968",1
"226","FBgn0031951",-4.2052,25.861,"1.41281321596387",1
"788","FBgn0011474",-4.2048,11.728,"1.06959410517755",1
"1390","FBgn0027514",-4.2032,12.29725,"1.09016102261069",1
"820","FBgn0086130",-4.2013,15.2345,"1.18311318463436",1
"1435","FBgn0261641",-4.201,29,"1.46254772880266",1
"2779","FBgn0030675",-4.1997,5.81618,"0.765383898039529",1
"2037","FBgn0035426",-4.1959,0.1143631,"-0.905308460831853",0
"1757","FBgn0013531",-4.1924,17.0459,"1.23187464105336",1
"875","FBgn0040308",-4.1891,64.24375,"1.80789847919059",1
"825","FBgn0026679",-4.1846,22.37655,"1.34998716944282",1
"708","FBgn0035235",-4.1839,8.776335,"0.943807757759014",1
"2060","FBgn0000370",-4.1806,466.08,"2.66846978520805",1
"1779","FBgn0032481",-4.1802,5.983225,"0.777660582456063",1
"1192","FBgn0030753",-4.1794,41.9014,"1.62233216816192",1
"1930","FBgn0038966",-4.1748,20.46515,"1.31122709206536",1
"931","FBgn0014184",-4.1732,208.002,"2.31808838969091",1
"2448","FBgn0054008",-4.1639,3.38589,"0.530953614090547",1
"1340","FBgn0032833",-4.1549,420.076,"2.62333820826006",1
"722","FBgn0033556",-4.1478,16.39165,"1.21488754011171",1
"967","FBgn0038331",-4.1435,25.465,"1.40611419267846",1
"1032","FBgn0266420",-4.135,82,"1.91386681189624",1
"1054","FBgn0000479",-4.1316,15.5463,"1.19190630983466",1
"755","FBgn0030699",-4.1307,26.9979,"1.43149081692095",1
"1083","FBgn0037478",-4.128,21.7151,"1.33696178417011",1
"1225","FBgn0029999",-4.1237,27.8503,"1.44498578860062",1
"1151","FBgn0039125",-4.1212,48.6709,"1.6873585987573",1
"1379","FBgn0039306",-4.1199,25.31105,"1.40348171081416",1
"1010","FBgn0035243",-4.1181,31.437,"1.49757922066872",1
"1209","FBgn0038927",-4.1167,23.3236,"1.36798174863174",1
"756","FBgn0047095",-4.116,0.5,"-0.292429823902064",0
"1372","FBgn0267347",-4.1105,24.5,"1.38934331125208",1
"1683","FBgn0014930",-4.1073,35.37295,"1.54879403872951",1
"1255","FBgn0036959",-4.1042,2.469345,"0.394336962899837",1
"3180","FBgn0036850",-4.1024,10.355,"1.01556930642988",1
"606","FBgn0039044",-4.1002,30.74665,"1.48793903055253",1
"1546","FBgn0039959",-4.0999,8.54073,"0.93200319325897",1
"1179","FBgn0034646",-4.0984,74.92895,"1.87470760372441",1
"956","FBgn0002593",-4.0973,3517.075,"3.54618286436041",1
"844","FBgn0030276",-4.0909,34.99705,"1.54415551485811",1
"949","FBgn0261647",-4.09,10,"1.00043407747932",1
"1234","FBgn0260635",-4.0892,183.7571,"2.26426776185204",1
"2812","FBgn0051126",-4.0859,18.67095,"1.27139895804327",1
"1713","FBgn0031500",-4.0779,13.142795,"1.119018051236",1
"1208","FBgn0250823",-4.0775,36.0675,"1.55723643536042",1
"2274","FBgn0040389",-4.0768,39.6421,"1.59826619276992",1
"881","FBgn0035850",-4.0739,42.59585,"1.62946923403913",1
"1357","FBgn0003514",-4.0736,265.6645,"2.4243498719084",1
"635","FBgn0026252",-4.0711,137.8575,"2.13946190044583",1
"1463","FBgn0011289",-4.071,89.00965,"1.94948588242721",1
"921","FBgn0033160",-4.0709,56.60915,"1.75296334519368",1
"915","FBgn0039765",-4.0683,23.5702,"1.37254748432684",1
"2033","FBgn0029857",-4.0677,50.6538,"1.70469776060532",1
"1845","FBgn0002566",-4.0668,23.61475,"1.37336722144818",1
"1788","FBgn0003511",-4.0657,21.94245,"1.34148299665575",1
"813","FBgn0014092",-4.065,18.11455,"1.25826723262549",1
"926","FBgn0036386",-4.0599,4.60166,"0.663857280936859",1
"1336","FBgn0035540",-4.0584,8.386155,"0.92408044742148",1
"779","FBgn0267978",-4.0573,7,"0.845718017966659",1
"986","FBgn0002787",-4.057,125.11,"2.09732673571577",1
"2548","FBgn0038578",-4.0549,20.7448,"1.31711855273189",1
"3488","FBgn0259745",-4.0517,9.155065,"0.962135549390022",1
"964","FBgn0038047",-4.0467,1.824345,"0.263481020268221",1
"2344","FBgn0051189",-4.0411,0.00912405,"-1.71842012950795",0
"858","FBgn0037470",-4.0392,41.4493,"1.61762196517936",1
"1962","FBgn0266418",-4.0349,1.5,"0.178976947293169",1
"1401","FBgn0000077",-4.0283,10.22657,"1.01015446058389",1
"895","FBgn0260794",-4.0194,29.3253,"1.4673905339254",1
"2002","FBgn0030719",-4.013,57.62495,"1.76068592073295",1
"1972","FBgn0035436",-4.011,16.289385,"1.21217121813738",1
"2288","FBgn0085208",-4.011,13.99425,"1.14625985506724",1
"1040","FBgn0260008",-4.0074,70.54945,"1.84855518687864",1
"1731","FBgn0038320",-4.0074,63.07475,"1.79992438632338",1
"1146","FBgn0261793",-4.0067,18.5,"1.2674064187529",1
"1334","FBgn0035725",-4.0016,16.02275,"1.20500802063194",1
"605","FBgn0004436",-4,47.4184,"1.67603847394785",1
"1102","FBgn0023000",-3.9997,12.86975,"1.10990743331306",1
"1725","FBgn0266465",-3.9991,39.5,"1.59670702968145",1
"2664","FBgn0260855",-3.9936,40.1359,"1.60364119847405",1
"1450","FBgn0010341",-3.9889,203.6315,"2.30886628734057",1
"11890","FBgn0037010",-3.9875,40.6235,"1.60888423225061",1
"2294","FBgn0026190",-3.9849,0,"-2",0
"1585","FBgn0035238",-3.9836,30.1043,"1.47877277254825",1
"1810","FBgn0053272",-3.9781,0,"-2",0
"1265","FBgn0036314",-3.9763,56.9207,"1.75534652377762",1
"1978","FBgn0015513",-3.9722,31.81605,"1.5027827407368",1
"793","FBgn0266598",-3.9721,23.5,"1.37125262912494",1
"1076","FBgn0028325",-3.9706,122.518,"2.08823534466759",1
"1222","FBgn0036624",-3.9698,10.4806,"1.02080032796832",1
"2420","FBgn0031420",-3.9696,12.2229,"1.08752942553171",1
"1791","FBgn0250824",-3.9694,1.4473,"0.16354896490181",1
"1765","FBgn0036710",-3.9599,29.25165,"1.46629881138914",1
"735","FBgn0261564",-3.9584,19,"1.27898211686544",1
"2108","FBgn0266163",-3.9583,0,"-2",0
"625","FBgn0260991",-3.9577,82.91075,"1.91866322153794",1
"2495","FBgn0034708",-3.9575,38.14945,"1.58160210650149",1
"1513","FBgn0011236",-3.9549,31.7605,"1.50202404975104",1
"1883","FBgn0033555",-3.9541,2674.57,"3.4272555927111",1
"1159","FBgn0028969",-3.9522,150.746,"2.17827460582072",1
"2092","FBgn0035264",-3.948,1.336637,"0.12925054290712",1
"2084","FBgn0035588",-3.9459,21.9614,"1.34185773069854",1
"1423","FBgn0052702",-3.9455,14.060355,"1.14830505497534",1
"856","FBgn0250791",-3.937,59.11635,"1.7717810698703",1
"2777","FBgn0037822",-3.9337,59.0748,"1.77147576979554",1
"1496","FBgn0259168",-3.9323,18.70755,"1.27224900192804",1
"1430","FBgn0035421",-3.9313,19.8779,"1.29858892759094",1
"1198","FBgn0267795",-3.9256,150,"2.17612021105608",1
"724","FBgn0041775",-3.921,76.3117,"1.88264803533855",1
"1777","FBgn0083167",-3.9202,171.7065,"2.23481202791957",1
"3023","FBgn0037446",-3.9191,39.749,"1.59943545268847",1
"1245","FBgn0085481",-3.9172,0.02908585,"-1.40798043900185",0
"4590","FBgn0036557",-3.9166,35.33775,"1.54836177474725",1
"1863","FBgn0030808",-3.9165,27.32985,"1.43679612748305",1
"1191","FBgn0017545",-3.9148,1969.485,"3.29435488259367",1
"1479","FBgn0035160",-3.9147,2.21751295,"0.347820237556137",1
"1382","FBgn0025373",-3.9146,61.29675,"1.78750829387185",1
"910","FBgn0038857",-3.9124,30.3462,"1.48224740548692",1
"963","FBgn0038745",-3.9103,25.954,"1.41437160045909",1
"1257","FBgn0013272",-3.9085,140.58775,"2.14797837068094",1
"2262","FBgn0030834",-3.9059,45.55245,"1.65860706906976",1
"1819","FBgn0038115",-3.9049,0.587042,"-0.223995116564686",0
"1117","FBgn0025336",-3.9047,32.8013,"1.51602343768997",1
"1439","FBgn0038639",-3.9016,13.145745,"1.11911544688981",1
"2969","FBgn0033540",-3.8996,10.26768,"1.01189509161363",1
"1161","FBgn0024314",-3.8948,65.87095,"1.81875985304755",1
"1694","FBgn0032477",-3.8947,21.51055,"1.33285336638621",1
"1500","FBgn0004828",-3.8911,457.3595,"2.6602672000098",1
"5855","FBgn0030092",-3.8898,18.42865,"1.26572912067568",1
"990","FBgn0033052",-3.8876,40.37465,"1.60621632335137",1
"1278","FBgn0032750",-3.8861,8.11478,"0.909811610133426",1
"1718","FBgn0038243",-3.8772,33.3641,"1.52340956290285",1
"874","FBgn0020407",-3.8735,8.335105,"0.921431805441115",1
"1135","FBgn0035148",-3.8704,41.3041,"1.61609829638107",1
"880","FBgn0014037",-3.8676,60.5712,"1.78233787164155",1
"2243","FBgn0064115",-3.8664,26.03725,"1.41576187838913",1
"1737","FBgn0003701",-3.8644,7.23922,"0.860291279961395",1
"1388","FBgn0028579",-3.8616,10.36575,"1.01601949903126",1
"1294","FBgn0266437",-3.8547,0.5,"-0.292429823902064",0
"1157","FBgn0039271",-3.8484,5.444555,"0.736759325240097",1
"897","FBgn0036916",-3.8483,19.3432,"1.28675278472654",1
"678","FBgn0024236",-3.8458,77.18975,"1.88761589393941",1
"1672","FBgn0016794",-3.8447,42.84895,"1.63204152706998",1
"2255","FBgn0030293",-3.8415,34.65005,"1.5398291848842",1
"1419","FBgn0034033",-3.8412,17.71185,"1.24850905631254",1
"1060","FBgn0260996",-3.8389,0,"-2",0
"1009","FBgn0039172",-3.8386,145.254,"2.16215799875426",1
"364","FBgn0011640",-3.8379,91.98865,"1.96378145449934",1
"1148","FBgn0038195",-3.8362,49.9465,"1.69859200368263",1
"1170","FBgn0032193",-3.8348,4.90483,"0.691508500532596",1
"4252","FBgn0026722",-3.8331,9.975905,"0.999387430117645",1
"5151","FBgn0034838",-3.8303,0.0141608,"-1.61688868967701",0
"1596","FBgn0260659",-3.8299,21.06435,"1.32375418847986",1
"1362","FBgn0261710",-3.829,118.5,"2.07375499812319",1
"1859","FBgn0025678",-3.8242,386.2135,"2.58683869515499",1
"3274","FBgn0051320",-3.8233,3.528985,"0.548878721882772",1
"1119","FBgn0050476",-3.8199,11.442005,"1.05888152896464",1
"785","FBgn0044510",-3.8198,16.41225,"1.2154326592171",1
"1653","FBgn0032321",-3.8198,22.35185,"1.34950772996376",1
"1693","FBgn0085334",-3.8188,4.9765015,"0.697795954017361",1
"2402","FBgn0000543",-3.8154,22.15385,"1.34564520228949",1
"2628","FBgn0038652",-3.8131,4.590785,"0.662831938655951",1
"1127","FBgn0030718",-3.8112,107.906,"2.03308583946108",1
"613","FBgn0010590",-3.8098,189.4645,"2.27755076968945",1
"1174","FBgn0037942",-3.806,17.7916,"1.25045903826073",1
"1869","FBgn0015376",-3.8052,6.70429,"0.827000095130616",1
"853","FBgn0036615",-3.7994,14.5665,"1.16365325696129",1
"1584","FBgn0005642",-3.7968,26.95975,"1.43087692071601",1
"2008","FBgn0027497",-3.7923,47.23255,"1.67433333138517",1
"1015","FBgn0278608",-3.7919,19,"1.27898211686544",1
"4587","FBgn0036136",-3.791,40.9542,"1.61240447783381",1
"1787","FBgn0030066",-3.79,12.855795,"1.10943662719197",1
"1946","FBgn0030864",-3.7874,34.72535,"1.54077167926631",1
"1043","FBgn0032058",-3.7846,0.0777382,"-1.05681127964256",0
"1468","FBgn0260655",-3.7845,10.547895,"1.02357733855646",1
"6451","FBgn0262582",-3.7836,12,"1.07954300740291",1
"999","FBgn0010415",-3.7835,33.1467,"1.52057129983035",1
"553","FBgn0027338",-3.7811,111.755,"2.04830582245327",1
"845","FBgn0038275",-3.7801,27.88585,"1.44553959911027",1
"2918","FBgn0031995",-3.7779,26.42935,"1.42225077400259",1
"698","FBgn0038271",-3.7735,316.0825,"2.49981419135601",1
"1140","FBgn0267384",-3.771,47,"1.67219025118825",1
"2992","FBgn0263929",-3.7691,4.5,"0.65417654187796",1
"3505","FBgn0030157",-3.7689,0.7532319,"-0.117343486175491",0
"2412","FBgn0034447",-3.7676,21.26615,"1.32789304349958",1
"821","FBgn0030605",-3.7665,97.01825,"1.98689819852287",1
"3072","FBgn0010894",-3.765,4.08284,"0.612024767250863",1
"1414","FBgn0050342",-3.7642,34.9221,"1.5432246947415",1
"3343","FBgn0032516",-3.7586,11.039495,"1.04334242972022",1
"1215","FBgn0262593",-3.7524,0,"-2",0
"1604","FBgn0013746",-3.7519,46.3293,"1.6659494690648",1
"2677","FBgn0024555",-3.7517,23.2006,"1.36568636722546",1
"1960","FBgn0061361",-3.7516,89.68655,"1.95277573908894",1
"1650","FBgn0266525",-3.7499,8,"0.903632516084238",1
"1351","FBgn0040510",-3.7493,0.004486085,"-1.83904897081812",0
"1031","FBgn0030241",-3.7439,69.9316,"1.84473556310653",1
"2829","FBgn0053644",-3.7439,0.52641,"-0.270503134429057",0
"447","FBgn0267330",-3.7417,325,"2.51189672368043",1
"1833","FBgn0003527",-3.7406,1.239788,"0.096836350417161",1
"2481","FBgn0032639",-3.7396,0.0975686,"-0.968314483659238",0
"1447","FBgn0028663",-3.7375,69.2477,"1.84046806483553",1
"2454","FBgn0038318",-3.7341,69.67015,"1.84310907690348",1
"1018","FBgn0003963",-3.7339,44.8251,"1.65161814274445",1
"2542","FBgn0042112",-3.7321,44.4684,"1.64814915618936",1
"751","FBgn0086779",-3.7314,24.97385,"1.39765936377866",1
"991","FBgn0032634",-3.7296,32.6616,"1.51417040335074",1
"1038","FBgn0033756",-3.7286,19.7767,"1.29637336917886",1
"569","FBgn0037466",-3.7229,11.04652,"1.04361845584596",1
"1178","FBgn0020909",-3.7196,33.5734,"1.52612466221567",1
